/* MYSQL DATABASE */

alter table bldgrpu add column predominant int null;
update bldgrpu set predominant = 0;


alter table faas add column ryordinanceno varchar(25);
alter table faas add column ryordinancedate date;

alter table bldgrpu add column effectiveage int not null;


alter table bldgadditionalitem add column type varchar(50) null;
update bldgadditionalitem set type = 'additionalitem';



INSERT INTO `sys_ruleset` (`name`, `title`, `packagename`, `domain`, `role`, `permission`) VALUES ('bldgassessment', 'Building Assessment Rules', 'bldgassessment', 'RPT', 'RULE_AUTHOR', NULL);

INSERT INTO `sys_rulegroup` (`name`, `ruleset`, `title`, `sortorder`) VALUES ('ADJUSTMENT', 'bldgassessment', 'Adjustment Computation', '25');
INSERT INTO `sys_rulegroup` (`name`, `ruleset`, `title`, `sortorder`) VALUES ('AFTER-ADJUSTMENT', 'bldgassessment', 'After Adjustment Computation', '30');
INSERT INTO `sys_rulegroup` (`name`, `ruleset`, `title`, `sortorder`) VALUES ('AFTER-ASSESSLEVEL', 'bldgassessment', 'After Calculate Assess Level', '60');
INSERT INTO `sys_rulegroup` (`name`, `ruleset`, `title`, `sortorder`) VALUES ('AFTER-ASSESSVALUE', 'bldgassessment', 'After Assess Value Computation', '75');
INSERT INTO `sys_rulegroup` (`name`, `ruleset`, `title`, `sortorder`) VALUES ('AFTER-BASEMARKETVALUE', 'bldgassessment', 'After Base Market Value Computation', '15');
INSERT INTO `sys_rulegroup` (`name`, `ruleset`, `title`, `sortorder`) VALUES ('AFTER-DEPRECIATION', 'bldgassessment', 'After Depreciation Computation', '34');
INSERT INTO `sys_rulegroup` (`name`, `ruleset`, `title`, `sortorder`) VALUES ('AFTER-FLOOR', 'bldgassessment', 'AFter Floor Computation', '3');
INSERT INTO `sys_rulegroup` (`name`, `ruleset`, `title`, `sortorder`) VALUES ('AFTER-MARKETVALUE', 'bldgassessment', 'After Market Value Computation', '45');
INSERT INTO `sys_rulegroup` (`name`, `ruleset`, `title`, `sortorder`) VALUES ('ASSESSLEVEL', 'bldgassessment', 'Calculate Assess Level', '55');
INSERT INTO `sys_rulegroup` (`name`, `ruleset`, `title`, `sortorder`) VALUES ('ASSESSVALUE', 'bldgassessment', 'Assess Value Computation', '70');
INSERT INTO `sys_rulegroup` (`name`, `ruleset`, `title`, `sortorder`) VALUES ('BASEMARKETVALUE', 'bldgassessment', 'Base Market Value Computation', '10');
INSERT INTO `sys_rulegroup` (`name`, `ruleset`, `title`, `sortorder`) VALUES ('BEFORE-ADJUSTMENT', 'bldgassessment', 'Before Adjustment Computation', '20');
INSERT INTO `sys_rulegroup` (`name`, `ruleset`, `title`, `sortorder`) VALUES ('BEFORE-ASSESSLEVEL', 'bldgassessment', 'Before Calculate Assess Level', '50');
INSERT INTO `sys_rulegroup` (`name`, `ruleset`, `title`, `sortorder`) VALUES ('BEFORE-ASSESSVALUE', 'bldgassessment', 'Before Assess Value Computation', '65');
INSERT INTO `sys_rulegroup` (`name`, `ruleset`, `title`, `sortorder`) VALUES ('BEFORE-BASEMARKETVALUE', 'bldgassessment', 'Before Base Market Value Computation', '5');
INSERT INTO `sys_rulegroup` (`name`, `ruleset`, `title`, `sortorder`) VALUES ('BEFORE-DEPRECIATON', 'bldgassessment', 'Before Depreciation Computation', '32');
INSERT INTO `sys_rulegroup` (`name`, `ruleset`, `title`, `sortorder`) VALUES ('BEFORE-MARKETVALUE', 'bldgassessment', 'Before Market Value Computation', '35');
INSERT INTO `sys_rulegroup` (`name`, `ruleset`, `title`, `sortorder`) VALUES ('DEPRECIATION', 'bldgassessment', 'Depreciation Computation', '33');
INSERT INTO `sys_rulegroup` (`name`, `ruleset`, `title`, `sortorder`) VALUES ('FLOOR', 'bldgassessment', 'Floor Computation', '2');
INSERT INTO `sys_rulegroup` (`name`, `ruleset`, `title`, `sortorder`) VALUES ('MARKETVALUE', 'bldgassessment', 'Market Value Computation', '40');
INSERT INTO `sys_rulegroup` (`name`, `ruleset`, `title`, `sortorder`) VALUES ('PRE-ASSESSMENT', 'bldgassessment', 'Pre-Assessment', '1');
INSERT INTO `sys_rulegroup` (`name`, `ruleset`, `title`, `sortorder`) VALUES ('SUMMARY', 'bldgassessment', 'Summary', '100');



INSERT INTO `sys_rule_fact` (`objid`, `name`, `title`, `factclass`, `sortorder`, `handler`, `defaultvarname`, `dynamic`, `lookuphandler`, `lookupkey`, `lookupvalue`, `lookupdatatype`, `dynamicfieldname`, `builtinconstraints`) VALUES ('RULFACT-2486b0ca:146fff66c3e:-57b0', 'variable', 'Derived Variable', 'rptis.bldg.facts.BldgVariable', '35', NULL, 'VAR', NULL, NULL, NULL, NULL, NULL, NULL, NULL);
INSERT INTO `sys_rule_fact` (`objid`, `name`, `title`, `factclass`, `sortorder`, `handler`, `defaultvarname`, `dynamic`, `lookuphandler`, `lookupkey`, `lookupvalue`, `lookupdatatype`, `dynamicfieldname`, `builtinconstraints`) VALUES ('RULFACT-2486b0ca:146fff66c3e:-711c', 'BldgAdjustment', 'Building Adjustment', 'rptis.bldg.facts.BldgAdjustment', '10', NULL, 'ADJ', NULL, NULL, NULL, NULL, NULL, NULL, NULL);
INSERT INTO `sys_rule_fact` (`objid`, `name`, `title`, `factclass`, `sortorder`, `handler`, `defaultvarname`, `dynamic`, `lookuphandler`, `lookupkey`, `lookupvalue`, `lookupdatatype`, `dynamicfieldname`, `builtinconstraints`) VALUES ('RULFACT-2486b0ca:146fff66c3e:-7ad1', 'BldgFloor', 'Building Floor', 'rptis.bldg.facts.BldgFloor', '4', NULL, 'BF', NULL, NULL, NULL, NULL, NULL, NULL, NULL);
INSERT INTO `sys_rule_fact` (`objid`, `name`, `title`, `factclass`, `sortorder`, `handler`, `defaultvarname`, `dynamic`, `lookuphandler`, `lookupkey`, `lookupvalue`, `lookupdatatype`, `dynamicfieldname`, `builtinconstraints`) VALUES ('RULFACT-2486b0ca:146fff66c3e:-7b6a', 'BldgUse', 'Building Actual Use', 'rptis.bldg.facts.BldgUse', '3', NULL, 'BU', NULL, NULL, NULL, NULL, NULL, NULL, NULL);
INSERT INTO `sys_rule_fact` (`objid`, `name`, `title`, `factclass`, `sortorder`, `handler`, `defaultvarname`, `dynamic`, `lookuphandler`, `lookupkey`, `lookupvalue`, `lookupdatatype`, `dynamicfieldname`, `builtinconstraints`) VALUES ('RULFACT-2486b0ca:146fff66c3e:-7e0e', 'BldgStructure', 'Building Structure', 'rptis.bldg.facts.BldgStructure', '2', NULL, 'BS', NULL, NULL, NULL, NULL, NULL, NULL, NULL);
INSERT INTO `sys_rule_fact` (`objid`, `name`, `title`, `factclass`, `sortorder`, `handler`, `defaultvarname`, `dynamic`, `lookuphandler`, `lookupkey`, `lookupvalue`, `lookupdatatype`, `dynamicfieldname`, `builtinconstraints`) VALUES ('RULFACT3e2b89cb:146ff734573:-7fcb', 'BldgRPU', 'Building Real Property', 'rptis.bldg.facts.BldgRPU', '1', NULL, 'RPU', NULL, NULL, NULL, NULL, NULL, NULL, NULL);


INSERT INTO `sys_rule_fact_field` (`objid`, `parentid`, `name`, `title`, `datatype`, `sortorder`, `handler`, `lookuphandler`, `lookupkey`, `lookupvalue`, `lookupdatatype`, `multivalued`, `required`, `vardatatype`, `lovname`) VALUES ('FACTFLD-2486b0ca:146fff66c3e:-5751', 'RULFACT-2486b0ca:146fff66c3e:-57b0', 'value', 'Value', 'decimal', '2', 'decimal', NULL, NULL, NULL, NULL, NULL, NULL, 'decimal', NULL);
INSERT INTO `sys_rule_fact_field` (`objid`, `parentid`, `name`, `title`, `datatype`, `sortorder`, `handler`, `lookuphandler`, `lookupkey`, `lookupvalue`, `lookupdatatype`, `multivalued`, `required`, `vardatatype`, `lovname`) VALUES ('FACTFLD-2486b0ca:146fff66c3e:-5795', 'RULFACT-2486b0ca:146fff66c3e:-57b0', 'objid', 'System Variable', 'string', '1', 'lookup', 'rptparameter:lookup', 'objid', 'name', NULL, NULL, NULL, 'string', NULL);
INSERT INTO `sys_rule_fact_field` (`objid`, `parentid`, `name`, `title`, `datatype`, `sortorder`, `handler`, `lookuphandler`, `lookupkey`, `lookupvalue`, `lookupdatatype`, `multivalued`, `required`, `vardatatype`, `lovname`) VALUES ('FACTFLD-2486b0ca:146fff66c3e:-5ee6', 'RULFACT3e2b89cb:146ff734573:-7fcb', 'fixrate', 'Fix Rate Assess Level?', 'boolean', '26', 'boolean', NULL, NULL, NULL, NULL, NULL, NULL, 'boolean', NULL);
INSERT INTO `sys_rule_fact_field` (`objid`, `parentid`, `name`, `title`, `datatype`, `sortorder`, `handler`, `lookuphandler`, `lookupkey`, `lookupvalue`, `lookupdatatype`, `multivalued`, `required`, `vardatatype`, `lovname`) VALUES ('FACTFLD-2486b0ca:146fff66c3e:-70e6', 'RULFACT-2486b0ca:146fff66c3e:-711c', 'amount', 'Amount', 'decimal', '4', 'decimal', NULL, NULL, NULL, NULL, NULL, NULL, 'decimal', NULL);
INSERT INTO `sys_rule_fact_field` (`objid`, `parentid`, `name`, `title`, `datatype`, `sortorder`, `handler`, `lookuphandler`, `lookupkey`, `lookupvalue`, `lookupdatatype`, `multivalued`, `required`, `vardatatype`, `lovname`) VALUES ('FACTFLD-2486b0ca:146fff66c3e:-70f0', 'RULFACT-2486b0ca:146fff66c3e:-711c', 'adjtype', 'Adjustment Type', 'string', '3', 'lov', NULL, NULL, NULL, NULL, NULL, NULL, 'string', 'RPT_BLDG_ADJUSTMENT_TYPES');
INSERT INTO `sys_rule_fact_field` (`objid`, `parentid`, `name`, `title`, `datatype`, `sortorder`, `handler`, `lookuphandler`, `lookupkey`, `lookupvalue`, `lookupdatatype`, `multivalued`, `required`, `vardatatype`, `lovname`) VALUES ('FACTFLD-2486b0ca:146fff66c3e:-7104', 'RULFACT-2486b0ca:146fff66c3e:-711c', 'bldgfloor', 'Building Floor', 'string', '1', 'var', NULL, NULL, NULL, NULL, NULL, '1', 'rptis.bldg.facts.BldgFloor', NULL);
INSERT INTO `sys_rule_fact_field` (`objid`, `parentid`, `name`, `title`, `datatype`, `sortorder`, `handler`, `lookuphandler`, `lookupkey`, `lookupvalue`, `lookupdatatype`, `multivalued`, `required`, `vardatatype`, `lovname`) VALUES ('FACTFLD-2486b0ca:146fff66c3e:-78af', 'RULFACT-2486b0ca:146fff66c3e:-7b6a', 'fixrate', 'Fix Rate Assess Level?', 'boolean', '10', 'boolean', NULL, NULL, NULL, NULL, NULL, NULL, 'boolean', NULL);
INSERT INTO `sys_rule_fact_field` (`objid`, `parentid`, `name`, `title`, `datatype`, `sortorder`, `handler`, `lookuphandler`, `lookupkey`, `lookupvalue`, `lookupdatatype`, `multivalued`, `required`, `vardatatype`, `lovname`) VALUES ('FACTFLD-2486b0ca:146fff66c3e:-7a4a', 'RULFACT-2486b0ca:146fff66c3e:-7ad1', 'storeyrate', 'Storey Adjustment', 'decimal', '8', 'decimal', NULL, NULL, NULL, NULL, NULL, NULL, 'decimal', NULL);
INSERT INTO `sys_rule_fact_field` (`objid`, `parentid`, `name`, `title`, `datatype`, `sortorder`, `handler`, `lookuphandler`, `lookupkey`, `lookupvalue`, `lookupdatatype`, `multivalued`, `required`, `vardatatype`, `lovname`) VALUES ('FACTFLD-2486b0ca:146fff66c3e:-7a55', 'RULFACT-2486b0ca:146fff66c3e:-7ad1', 'marketvalue', 'Market Value', 'decimal', '7', 'decimal', NULL, NULL, NULL, NULL, NULL, NULL, 'decimal', NULL);
INSERT INTO `sys_rule_fact_field` (`objid`, `parentid`, `name`, `title`, `datatype`, `sortorder`, `handler`, `lookuphandler`, `lookupkey`, `lookupvalue`, `lookupdatatype`, `multivalued`, `required`, `vardatatype`, `lovname`) VALUES ('FACTFLD-2486b0ca:146fff66c3e:-7a60', 'RULFACT-2486b0ca:146fff66c3e:-7ad1', 'adjustment', 'Adjustment', 'decimal', '6', 'decimal', NULL, NULL, NULL, NULL, NULL, NULL, 'decimal', NULL);
INSERT INTO `sys_rule_fact_field` (`objid`, `parentid`, `name`, `title`, `datatype`, `sortorder`, `handler`, `lookuphandler`, `lookupkey`, `lookupvalue`, `lookupdatatype`, `multivalued`, `required`, `vardatatype`, `lovname`) VALUES ('FACTFLD-2486b0ca:146fff66c3e:-7a6b', 'RULFACT-2486b0ca:146fff66c3e:-7ad1', 'basemarketvalue', 'Base Market Value', 'decimal', '5', 'decimal', NULL, NULL, NULL, NULL, NULL, NULL, 'decimal', NULL);
INSERT INTO `sys_rule_fact_field` (`objid`, `parentid`, `name`, `title`, `datatype`, `sortorder`, `handler`, `lookuphandler`, `lookupkey`, `lookupvalue`, `lookupdatatype`, `multivalued`, `required`, `vardatatype`, `lovname`) VALUES ('FACTFLD-2486b0ca:146fff66c3e:-7a76', 'RULFACT-2486b0ca:146fff66c3e:-7ad1', 'unitvalue', 'Unit Value', 'decimal', '4', 'decimal', NULL, NULL, NULL, NULL, NULL, NULL, 'decimal', NULL);
INSERT INTO `sys_rule_fact_field` (`objid`, `parentid`, `name`, `title`, `datatype`, `sortorder`, `handler`, `lookuphandler`, `lookupkey`, `lookupvalue`, `lookupdatatype`, `multivalued`, `required`, `vardatatype`, `lovname`) VALUES ('FACTFLD-2486b0ca:146fff66c3e:-7a81', 'RULFACT-2486b0ca:146fff66c3e:-7ad1', 'basevalue', 'Base Value', 'decimal', '3', 'decimal', NULL, NULL, NULL, NULL, NULL, NULL, 'decimal', NULL);
INSERT INTO `sys_rule_fact_field` (`objid`, `parentid`, `name`, `title`, `datatype`, `sortorder`, `handler`, `lookuphandler`, `lookupkey`, `lookupvalue`, `lookupdatatype`, `multivalued`, `required`, `vardatatype`, `lovname`) VALUES ('FACTFLD-2486b0ca:146fff66c3e:-7a99', 'RULFACT-2486b0ca:146fff66c3e:-7ad1', 'area', 'Area', 'decimal', '2', 'decimal', NULL, NULL, NULL, NULL, NULL, NULL, 'decimal', NULL);
INSERT INTO `sys_rule_fact_field` (`objid`, `parentid`, `name`, `title`, `datatype`, `sortorder`, `handler`, `lookuphandler`, `lookupkey`, `lookupvalue`, `lookupdatatype`, `multivalued`, `required`, `vardatatype`, `lovname`) VALUES ('FACTFLD-2486b0ca:146fff66c3e:-7aa6', 'RULFACT-2486b0ca:146fff66c3e:-7ad1', 'bldguse', 'Building Actual Use', 'string', '1', 'var', NULL, NULL, NULL, NULL, NULL, NULL, 'rptis.bldg.facts.BldgUse', NULL);
INSERT INTO `sys_rule_fact_field` (`objid`, `parentid`, `name`, `title`, `datatype`, `sortorder`, `handler`, `lookuphandler`, `lookupkey`, `lookupvalue`, `lookupdatatype`, `multivalued`, `required`, `vardatatype`, `lovname`) VALUES ('FACTFLD-2486b0ca:146fff66c3e:-7b08', 'RULFACT-2486b0ca:146fff66c3e:-7b6a', 'assessedvalue', 'Assess Value', 'decimal', '9', 'decimal', NULL, NULL, NULL, NULL, NULL, NULL, 'decimal', NULL);
INSERT INTO `sys_rule_fact_field` (`objid`, `parentid`, `name`, `title`, `datatype`, `sortorder`, `handler`, `lookuphandler`, `lookupkey`, `lookupvalue`, `lookupdatatype`, `multivalued`, `required`, `vardatatype`, `lovname`) VALUES ('FACTFLD-2486b0ca:146fff66c3e:-7b11', 'RULFACT-2486b0ca:146fff66c3e:-7b6a', 'assesslevel', 'Assess Level', 'decimal', '8', 'decimal', NULL, NULL, NULL, NULL, NULL, NULL, 'decimal', NULL);
INSERT INTO `sys_rule_fact_field` (`objid`, `parentid`, `name`, `title`, `datatype`, `sortorder`, `handler`, `lookuphandler`, `lookupkey`, `lookupvalue`, `lookupdatatype`, `multivalued`, `required`, `vardatatype`, `lovname`) VALUES ('FACTFLD-2486b0ca:146fff66c3e:-7b1a', 'RULFACT-2486b0ca:146fff66c3e:-7b6a', 'marketvalue', 'Market Value', 'decimal', '7', 'decimal', NULL, NULL, NULL, NULL, NULL, NULL, 'decimal', NULL);
INSERT INTO `sys_rule_fact_field` (`objid`, `parentid`, `name`, `title`, `datatype`, `sortorder`, `handler`, `lookuphandler`, `lookupkey`, `lookupvalue`, `lookupdatatype`, `multivalued`, `required`, `vardatatype`, `lovname`) VALUES ('FACTFLD-2486b0ca:146fff66c3e:-7b23', 'RULFACT-2486b0ca:146fff66c3e:-7b6a', 'adjustment', 'Adjustment', 'decimal', '6', 'decimal', NULL, NULL, NULL, NULL, NULL, NULL, 'decimal', NULL);
INSERT INTO `sys_rule_fact_field` (`objid`, `parentid`, `name`, `title`, `datatype`, `sortorder`, `handler`, `lookuphandler`, `lookupkey`, `lookupvalue`, `lookupdatatype`, `multivalued`, `required`, `vardatatype`, `lovname`) VALUES ('FACTFLD-2486b0ca:146fff66c3e:-7b2c', 'RULFACT-2486b0ca:146fff66c3e:-7b6a', 'depreciationvalue', 'Depreciation Value', 'decimal', '5', 'decimal', NULL, NULL, NULL, NULL, NULL, NULL, 'decimal', NULL);
INSERT INTO `sys_rule_fact_field` (`objid`, `parentid`, `name`, `title`, `datatype`, `sortorder`, `handler`, `lookuphandler`, `lookupkey`, `lookupvalue`, `lookupdatatype`, `multivalued`, `required`, `vardatatype`, `lovname`) VALUES ('FACTFLD-2486b0ca:146fff66c3e:-7b35', 'RULFACT-2486b0ca:146fff66c3e:-7b6a', 'basemarketvalue', 'Base Market Value', 'decimal', '4', 'decimal', NULL, NULL, NULL, NULL, NULL, NULL, 'decimal', NULL);
INSERT INTO `sys_rule_fact_field` (`objid`, `parentid`, `name`, `title`, `datatype`, `sortorder`, `handler`, `lookuphandler`, `lookupkey`, `lookupvalue`, `lookupdatatype`, `multivalued`, `required`, `vardatatype`, `lovname`) VALUES ('FACTFLD-2486b0ca:146fff66c3e:-7b3e', 'RULFACT-2486b0ca:146fff66c3e:-7b6a', 'area', 'Area', 'decimal', '3', 'decimal', NULL, NULL, NULL, NULL, NULL, NULL, 'decimal', NULL);
INSERT INTO `sys_rule_fact_field` (`objid`, `parentid`, `name`, `title`, `datatype`, `sortorder`, `handler`, `lookuphandler`, `lookupkey`, `lookupvalue`, `lookupdatatype`, `multivalued`, `required`, `vardatatype`, `lovname`) VALUES ('FACTFLD-2486b0ca:146fff66c3e:-7b47', 'RULFACT-2486b0ca:146fff66c3e:-7b6a', 'basevalue', 'Base Value', 'decimal', '2', 'decimal', NULL, NULL, NULL, NULL, NULL, NULL, 'decimal', NULL);
INSERT INTO `sys_rule_fact_field` (`objid`, `parentid`, `name`, `title`, `datatype`, `sortorder`, `handler`, `lookuphandler`, `lookupkey`, `lookupvalue`, `lookupdatatype`, `multivalued`, `required`, `vardatatype`, `lovname`) VALUES ('FACTFLD-2486b0ca:146fff66c3e:-7b50', 'RULFACT-2486b0ca:146fff66c3e:-7b6a', 'bldgstructure', 'Building Structure', 'string', '1', 'var', NULL, NULL, NULL, NULL, NULL, NULL, 'rptis.bldg.facts.BldgStructure', NULL);
INSERT INTO `sys_rule_fact_field` (`objid`, `parentid`, `name`, `title`, `datatype`, `sortorder`, `handler`, `lookuphandler`, `lookupkey`, `lookupvalue`, `lookupdatatype`, `multivalued`, `required`, `vardatatype`, `lovname`) VALUES ('FACTFLD-2486b0ca:146fff66c3e:-7db5', 'RULFACT-2486b0ca:146fff66c3e:-7e0e', 'unitvalue', 'Unit Value', 'decimal', '6', 'decimal', NULL, NULL, NULL, NULL, NULL, NULL, 'decimal', NULL);
INSERT INTO `sys_rule_fact_field` (`objid`, `parentid`, `name`, `title`, `datatype`, `sortorder`, `handler`, `lookuphandler`, `lookupkey`, `lookupvalue`, `lookupdatatype`, `multivalued`, `required`, `vardatatype`, `lovname`) VALUES ('FACTFLD-2486b0ca:146fff66c3e:-7dbe', 'RULFACT-2486b0ca:146fff66c3e:-7e0e', 'basevalue', 'Base Value', 'decimal', '5', 'decimal', NULL, NULL, NULL, NULL, NULL, NULL, 'decimal', NULL);
INSERT INTO `sys_rule_fact_field` (`objid`, `parentid`, `name`, `title`, `datatype`, `sortorder`, `handler`, `lookuphandler`, `lookupkey`, `lookupvalue`, `lookupdatatype`, `multivalued`, `required`, `vardatatype`, `lovname`) VALUES ('FACTFLD-2486b0ca:146fff66c3e:-7dc7', 'RULFACT-2486b0ca:146fff66c3e:-7e0e', 'totalfloorarea', 'Total Floor Area', 'decimal', '4', 'decimal', NULL, NULL, NULL, NULL, NULL, NULL, 'decimal', NULL);
INSERT INTO `sys_rule_fact_field` (`objid`, `parentid`, `name`, `title`, `datatype`, `sortorder`, `handler`, `lookuphandler`, `lookupkey`, `lookupvalue`, `lookupdatatype`, `multivalued`, `required`, `vardatatype`, `lovname`) VALUES ('FACTFLD-2486b0ca:146fff66c3e:-7dd0', 'RULFACT-2486b0ca:146fff66c3e:-7e0e', 'basefloorarea', 'Base Floor Area', 'decimal', '3', 'decimal', NULL, NULL, NULL, NULL, NULL, NULL, 'decimal', NULL);
INSERT INTO `sys_rule_fact_field` (`objid`, `parentid`, `name`, `title`, `datatype`, `sortorder`, `handler`, `lookuphandler`, `lookupkey`, `lookupvalue`, `lookupdatatype`, `multivalued`, `required`, `vardatatype`, `lovname`) VALUES ('FACTFLD-2486b0ca:146fff66c3e:-7dd9', 'RULFACT-2486b0ca:146fff66c3e:-7e0e', 'floorcount', 'Floor Count', 'integer', '2', 'integer', NULL, NULL, NULL, NULL, NULL, NULL, 'integer', NULL);
INSERT INTO `sys_rule_fact_field` (`objid`, `parentid`, `name`, `title`, `datatype`, `sortorder`, `handler`, `lookuphandler`, `lookupkey`, `lookupvalue`, `lookupdatatype`, `multivalued`, `required`, `vardatatype`, `lovname`) VALUES ('FACTFLD-2486b0ca:146fff66c3e:-7dea', 'RULFACT-2486b0ca:146fff66c3e:-7e0e', 'rpu', 'Building Real Property', 'string', '1', 'var', NULL, NULL, NULL, NULL, NULL, '0', 'rptis.bldg.facts.BldgRPU', NULL);
INSERT INTO `sys_rule_fact_field` (`objid`, `parentid`, `name`, `title`, `datatype`, `sortorder`, `handler`, `lookuphandler`, `lookupkey`, `lookupvalue`, `lookupdatatype`, `multivalued`, `required`, `vardatatype`, `lovname`) VALUES ('FACTFLD-2486b0ca:146fff66c3e:-a3f', 'RULFACT-2486b0ca:146fff66c3e:-711c', 'additionalitemcode', 'Adjustment Code', 'string', '2', 'string', NULL, NULL, NULL, NULL, NULL, NULL, 'string', NULL);
INSERT INTO `sys_rule_fact_field` (`objid`, `parentid`, `name`, `title`, `datatype`, `sortorder`, `handler`, `lookuphandler`, `lookupkey`, `lookupvalue`, `lookupdatatype`, `multivalued`, `required`, `vardatatype`, `lovname`) VALUES ('FACTFLD3e2b89cb:146ff734573:-7e70', 'RULFACT3e2b89cb:146ff734573:-7fcb', 'bldgclass', 'Building Class', 'string', '25', 'lov', NULL, NULL, NULL, NULL, NULL, NULL, 'string', 'RPT_BLDG_CLASS');
INSERT INTO `sys_rule_fact_field` (`objid`, `parentid`, `name`, `title`, `datatype`, `sortorder`, `handler`, `lookuphandler`, `lookupkey`, `lookupvalue`, `lookupdatatype`, `multivalued`, `required`, `vardatatype`, `lovname`) VALUES ('FACTFLD3e2b89cb:146ff734573:-7e79', 'RULFACT3e2b89cb:146ff734573:-7fcb', 'condominium', 'Is Condominium', 'boolean', '24', 'boolean', NULL, NULL, NULL, NULL, NULL, NULL, 'boolean', NULL);
INSERT INTO `sys_rule_fact_field` (`objid`, `parentid`, `name`, `title`, `datatype`, `sortorder`, `handler`, `lookuphandler`, `lookupkey`, `lookupvalue`, `lookupdatatype`, `multivalued`, `required`, `vardatatype`, `lovname`) VALUES ('FACTFLD3e2b89cb:146ff734573:-7e82', 'RULFACT3e2b89cb:146ff734573:-7fcb', 'assesslevel', 'Assess Level', 'decimal', '23', 'decimal', NULL, NULL, NULL, NULL, NULL, NULL, 'decimal', NULL);
INSERT INTO `sys_rule_fact_field` (`objid`, `parentid`, `name`, `title`, `datatype`, `sortorder`, `handler`, `lookuphandler`, `lookupkey`, `lookupvalue`, `lookupdatatype`, `multivalued`, `required`, `vardatatype`, `lovname`) VALUES ('FACTFLD3e2b89cb:146ff734573:-7e8b', 'RULFACT3e2b89cb:146ff734573:-7fcb', 'percentcompleted', 'Percent Completed', 'integer', '22', 'integer', NULL, NULL, NULL, NULL, NULL, NULL, 'integer', NULL);
INSERT INTO `sys_rule_fact_field` (`objid`, `parentid`, `name`, `title`, `datatype`, `sortorder`, `handler`, `lookuphandler`, `lookupkey`, `lookupvalue`, `lookupdatatype`, `multivalued`, `required`, `vardatatype`, `lovname`) VALUES ('FACTFLD3e2b89cb:146ff734573:-7e96', 'RULFACT3e2b89cb:146ff734573:-7fcb', 'totaladjustment', 'Total Adjustment', 'decimal', '21', 'decimal', NULL, NULL, NULL, NULL, NULL, NULL, 'decimal', NULL);
INSERT INTO `sys_rule_fact_field` (`objid`, `parentid`, `name`, `title`, `datatype`, `sortorder`, `handler`, `lookuphandler`, `lookupkey`, `lookupvalue`, `lookupdatatype`, `multivalued`, `required`, `vardatatype`, `lovname`) VALUES ('FACTFLD3e2b89cb:146ff734573:-7e9f', 'RULFACT3e2b89cb:146ff734573:-7fcb', 'depreciationvalue', 'Deprecation Value', 'decimal', '20', 'decimal', NULL, NULL, NULL, NULL, NULL, NULL, 'decimal', NULL);
INSERT INTO `sys_rule_fact_field` (`objid`, `parentid`, `name`, `title`, `datatype`, `sortorder`, `handler`, `lookuphandler`, `lookupkey`, `lookupvalue`, `lookupdatatype`, `multivalued`, `required`, `vardatatype`, `lovname`) VALUES ('FACTFLD3e2b89cb:146ff734573:-7ea8', 'RULFACT3e2b89cb:146ff734573:-7fcb', 'depreciation', 'Depreciation Rate', 'decimal', '19', 'decimal', NULL, NULL, NULL, NULL, NULL, NULL, 'decimal', NULL);
INSERT INTO `sys_rule_fact_field` (`objid`, `parentid`, `name`, `title`, `datatype`, `sortorder`, `handler`, `lookuphandler`, `lookupkey`, `lookupvalue`, `lookupdatatype`, `multivalued`, `required`, `vardatatype`, `lovname`) VALUES ('FACTFLD3e2b89cb:146ff734573:-7eb1', 'RULFACT3e2b89cb:146ff734573:-7fcb', 'floorcount', 'Floor Count', 'integer', '18', 'integer', NULL, NULL, NULL, NULL, NULL, NULL, 'integer', NULL);
INSERT INTO `sys_rule_fact_field` (`objid`, `parentid`, `name`, `title`, `datatype`, `sortorder`, `handler`, `lookuphandler`, `lookupkey`, `lookupvalue`, `lookupdatatype`, `multivalued`, `required`, `vardatatype`, `lovname`) VALUES ('FACTFLD3e2b89cb:146ff734573:-7eba', 'RULFACT3e2b89cb:146ff734573:-7fcb', 'effectiveage', 'Effective Building Age', 'integer', '17', 'integer', NULL, NULL, NULL, NULL, NULL, NULL, 'integer', NULL);
INSERT INTO `sys_rule_fact_field` (`objid`, `parentid`, `name`, `title`, `datatype`, `sortorder`, `handler`, `lookuphandler`, `lookupkey`, `lookupvalue`, `lookupdatatype`, `multivalued`, `required`, `vardatatype`, `lovname`) VALUES ('FACTFLD3e2b89cb:146ff734573:-7ec3', 'RULFACT3e2b89cb:146ff734573:-7fcb', 'bldgage', 'Building Age', 'integer', '16', 'integer', NULL, NULL, NULL, NULL, NULL, NULL, 'integer', NULL);
INSERT INTO `sys_rule_fact_field` (`objid`, `parentid`, `name`, `title`, `datatype`, `sortorder`, `handler`, `lookuphandler`, `lookupkey`, `lookupvalue`, `lookupdatatype`, `multivalued`, `required`, `vardatatype`, `lovname`) VALUES ('FACTFLD3e2b89cb:146ff734573:-7ecc', 'RULFACT3e2b89cb:146ff734573:-7fcb', 'yroccupied', 'Year Occupied', 'integer', '15', 'integer', NULL, NULL, NULL, NULL, NULL, NULL, 'integer', NULL);
INSERT INTO `sys_rule_fact_field` (`objid`, `parentid`, `name`, `title`, `datatype`, `sortorder`, `handler`, `lookuphandler`, `lookupkey`, `lookupvalue`, `lookupdatatype`, `multivalued`, `required`, `vardatatype`, `lovname`) VALUES ('FACTFLD3e2b89cb:146ff734573:-7ed5', 'RULFACT3e2b89cb:146ff734573:-7fcb', 'yrcompleted', 'Year Completed', 'integer', '14', 'integer', NULL, NULL, NULL, NULL, NULL, NULL, 'integer', NULL);
INSERT INTO `sys_rule_fact_field` (`objid`, `parentid`, `name`, `title`, `datatype`, `sortorder`, `handler`, `lookuphandler`, `lookupkey`, `lookupvalue`, `lookupdatatype`, `multivalued`, `required`, `vardatatype`, `lovname`) VALUES ('FACTFLD3e2b89cb:146ff734573:-7ede', 'RULFACT3e2b89cb:146ff734573:-7fcb', 'yrappraised', 'Year Appraised', 'integer', '13', 'integer', NULL, NULL, NULL, NULL, NULL, NULL, 'integer', NULL);
INSERT INTO `sys_rule_fact_field` (`objid`, `parentid`, `name`, `title`, `datatype`, `sortorder`, `handler`, `lookuphandler`, `lookupkey`, `lookupvalue`, `lookupdatatype`, `multivalued`, `required`, `vardatatype`, `lovname`) VALUES ('FACTFLD3e2b89cb:146ff734573:-7ee7', 'RULFACT3e2b89cb:146ff734573:-7fcb', 'basevalue', 'Base Value', 'decimal', '12', 'decimal', NULL, NULL, NULL, NULL, NULL, NULL, 'decimal', NULL);
INSERT INTO `sys_rule_fact_field` (`objid`, `parentid`, `name`, `title`, `datatype`, `sortorder`, `handler`, `lookuphandler`, `lookupkey`, `lookupvalue`, `lookupdatatype`, `multivalued`, `required`, `vardatatype`, `lovname`) VALUES ('FACTFLD3e2b89cb:146ff734573:-7ef9', 'RULFACT3e2b89cb:146ff734573:-7fcb', 'useswornamount', 'Use Sworn Amount?', 'boolean', '11', 'boolean', NULL, NULL, NULL, NULL, NULL, NULL, 'boolean', NULL);
INSERT INTO `sys_rule_fact_field` (`objid`, `parentid`, `name`, `title`, `datatype`, `sortorder`, `handler`, `lookuphandler`, `lookupkey`, `lookupvalue`, `lookupdatatype`, `multivalued`, `required`, `vardatatype`, `lovname`) VALUES ('FACTFLD3e2b89cb:146ff734573:-7f02', 'RULFACT3e2b89cb:146ff734573:-7fcb', 'swornamount', 'Sworn Amount', 'decimal', '10', 'decimal', NULL, NULL, NULL, NULL, NULL, NULL, 'decimal', NULL);
INSERT INTO `sys_rule_fact_field` (`objid`, `parentid`, `name`, `title`, `datatype`, `sortorder`, `handler`, `lookuphandler`, `lookupkey`, `lookupvalue`, `lookupdatatype`, `multivalued`, `required`, `vardatatype`, `lovname`) VALUES ('FACTFLD3e2b89cb:146ff734573:-7f0b', 'RULFACT3e2b89cb:146ff734573:-7fcb', 'totalav', 'Assess Value', 'decimal', '9', 'decimal', NULL, NULL, NULL, NULL, NULL, NULL, 'decimal', NULL);
INSERT INTO `sys_rule_fact_field` (`objid`, `parentid`, `name`, `title`, `datatype`, `sortorder`, `handler`, `lookuphandler`, `lookupkey`, `lookupvalue`, `lookupdatatype`, `multivalued`, `required`, `vardatatype`, `lovname`) VALUES ('FACTFLD3e2b89cb:146ff734573:-7f14', 'RULFACT3e2b89cb:146ff734573:-7fcb', 'totalmv', 'Market Value', 'decimal', '8', 'decimal', NULL, NULL, NULL, NULL, NULL, NULL, 'decimal', NULL);
INSERT INTO `sys_rule_fact_field` (`objid`, `parentid`, `name`, `title`, `datatype`, `sortorder`, `handler`, `lookuphandler`, `lookupkey`, `lookupvalue`, `lookupdatatype`, `multivalued`, `required`, `vardatatype`, `lovname`) VALUES ('FACTFLD3e2b89cb:146ff734573:-7f1d', 'RULFACT3e2b89cb:146ff734573:-7fcb', 'totalbmv', 'Base Market Value', 'decimal', '7', 'decimal', NULL, NULL, NULL, NULL, NULL, NULL, 'decimal', NULL);
INSERT INTO `sys_rule_fact_field` (`objid`, `parentid`, `name`, `title`, `datatype`, `sortorder`, `handler`, `lookuphandler`, `lookupkey`, `lookupvalue`, `lookupdatatype`, `multivalued`, `required`, `vardatatype`, `lovname`) VALUES ('FACTFLD3e2b89cb:146ff734573:-7f26', 'RULFACT3e2b89cb:146ff734573:-7fcb', 'totalareasqm', 'Area in Sq. Meter', 'decimal', '6', 'decimal', NULL, NULL, NULL, NULL, NULL, NULL, 'decimal', NULL);
INSERT INTO `sys_rule_fact_field` (`objid`, `parentid`, `name`, `title`, `datatype`, `sortorder`, `handler`, `lookuphandler`, `lookupkey`, `lookupvalue`, `lookupdatatype`, `multivalued`, `required`, `vardatatype`, `lovname`) VALUES ('FACTFLD3e2b89cb:146ff734573:-7f2f', 'RULFACT3e2b89cb:146ff734573:-7fcb', 'totalareaha', 'Area in Hectare', 'decimal', '5', 'decimal', NULL, NULL, NULL, NULL, NULL, NULL, 'decimal', NULL);
INSERT INTO `sys_rule_fact_field` (`objid`, `parentid`, `name`, `title`, `datatype`, `sortorder`, `handler`, `lookuphandler`, `lookupkey`, `lookupvalue`, `lookupdatatype`, `multivalued`, `required`, `vardatatype`, `lovname`) VALUES ('FACTFLD3e2b89cb:146ff734573:-7f38', 'RULFACT3e2b89cb:146ff734573:-7fcb', 'taxable', 'Taxable?', 'boolean', '4', 'boolean', NULL, NULL, NULL, NULL, NULL, NULL, 'boolean', NULL);
INSERT INTO `sys_rule_fact_field` (`objid`, `parentid`, `name`, `title`, `datatype`, `sortorder`, `handler`, `lookuphandler`, `lookupkey`, `lookupvalue`, `lookupdatatype`, `multivalued`, `required`, `vardatatype`, `lovname`) VALUES ('FACTFLD3e2b89cb:146ff734573:-7f49', 'RULFACT3e2b89cb:146ff734573:-7fcb', 'exemptiontypeid', 'Exemption Type', 'string', '3', 'lookup', 'exemptiontype:lookup', 'objid', 'name', NULL, NULL, NULL, 'string', NULL);
INSERT INTO `sys_rule_fact_field` (`objid`, `parentid`, `name`, `title`, `datatype`, `sortorder`, `handler`, `lookuphandler`, `lookupkey`, `lookupvalue`, `lookupdatatype`, `multivalued`, `required`, `vardatatype`, `lovname`) VALUES ('FACTFLD3e2b89cb:146ff734573:-7f5a', 'RULFACT3e2b89cb:146ff734573:-7fcb', 'classificationid', 'Classification', 'string', '2', 'lookup', 'propertyclassification:lookup', 'objid', 'name', NULL, NULL, NULL, 'string', 'property');
INSERT INTO `sys_rule_fact_field` (`objid`, `parentid`, `name`, `title`, `datatype`, `sortorder`, `handler`, `lookuphandler`, `lookupkey`, `lookupvalue`, `lookupdatatype`, `multivalued`, `required`, `vardatatype`, `lovname`) VALUES ('FACTFLD3e2b89cb:146ff734573:-7f63', 'RULFACT3e2b89cb:146ff734573:-7fcb', 'ry', 'Revision Year', 'integer', '1', 'integer', NULL, NULL, NULL, NULL, NULL, NULL, 'integer', NULL);


INSERT INTO `sys_ruleset_fact` (`ruleset`, `rulefact`) VALUES ('bldgassessment', 'RULFACT-2486b0ca:146fff66c3e:-57b0');
INSERT INTO `sys_ruleset_fact` (`ruleset`, `rulefact`) VALUES ('bldgassessment', 'RULFACT-2486b0ca:146fff66c3e:-711c');
INSERT INTO `sys_ruleset_fact` (`ruleset`, `rulefact`) VALUES ('bldgassessment', 'RULFACT-2486b0ca:146fff66c3e:-7ad1');
INSERT INTO `sys_ruleset_fact` (`ruleset`, `rulefact`) VALUES ('bldgassessment', 'RULFACT-2486b0ca:146fff66c3e:-7b6a');
INSERT INTO `sys_ruleset_fact` (`ruleset`, `rulefact`) VALUES ('bldgassessment', 'RULFACT-2486b0ca:146fff66c3e:-7e0e');
INSERT INTO `sys_ruleset_fact` (`ruleset`, `rulefact`) VALUES ('bldgassessment', 'RULFACT3e2b89cb:146ff734573:-7fcb');




INSERT INTO `sys_rule_actiondef` (`objid`, `name`, `title`, `sortorder`, `actionname`) VALUES ('RULADEF-2486b0ca:146fff66c3e:-3151', 'calc-bldguse-mv', 'Calculate Actual Use Market Value', '24', 'calc-bldguse-mv');
INSERT INTO `sys_rule_actiondef` (`objid`, `name`, `title`, `sortorder`, `actionname`) VALUES ('RULADEF-2486b0ca:146fff66c3e:-4365', 'calc-bldguse-depreciation', 'Calculate Depreciation', '60', 'calc-bldguse-depreciation');
INSERT INTO `sys_rule_actiondef` (`objid`, `name`, `title`, `sortorder`, `actionname`) VALUES ('RULADEF-2486b0ca:146fff66c3e:-4807', 'calc-depreciation-sked', 'Calculate Depreciation Rate From Schedule', '55', 'calc-depreciation-sked');
INSERT INTO `sys_rule_actiondef` (`objid`, `name`, `title`, `sortorder`, `actionname`) VALUES ('RULADEF-2486b0ca:146fff66c3e:-5573', 'add-derive-var', 'Add Derive Variable', '50', 'add-derive-var');
INSERT INTO `sys_rule_actiondef` (`objid`, `name`, `title`, `sortorder`, `actionname`) VALUES ('RULADEF-2486b0ca:146fff66c3e:-619b', 'calc-predominant-av', 'Calculate Predominant Assess Value', '50', 'calc-predominant-av');
INSERT INTO `sys_rule_actiondef` (`objid`, `name`, `title`, `sortorder`, `actionname`) VALUES ('RULADEF-2486b0ca:146fff66c3e:-723b', 'update-adj', 'Update Adjustment', '35', 'update-adj');
INSERT INTO `sys_rule_actiondef` (`objid`, `name`, `title`, `sortorder`, `actionname`) VALUES ('RULADEF-2486b0ca:146fff66c3e:-771d', 'calc-bldguse-av', 'Calculate Actual Use Assess Value', '30', 'calc-bldguse-av');
INSERT INTO `sys_rule_actiondef` (`objid`, `name`, `title`, `sortorder`, `actionname`) VALUES ('RULADEF-2486b0ca:146fff66c3e:-7943', 'calc-bldguse-al', 'Calculate Actual Use Assess Level', '25', 'calc-bldguse-al');
INSERT INTO `sys_rule_actiondef` (`objid`, `name`, `title`, `sortorder`, `actionname`) VALUES ('RULADEF-2486b0ca:146fff66c3e:-79a8', 'calc-floor-mv', 'Calculate Floor Market Value', '15', 'calc-floor-mv');
INSERT INTO `sys_rule_actiondef` (`objid`, `name`, `title`, `sortorder`, `actionname`) VALUES ('RULADEF-2486b0ca:146fff66c3e:-7a02', 'calc-floor-bmv', 'Calculate Floor Base Market Value', '10', 'calc-floor-bmv');
INSERT INTO `sys_rule_actiondef` (`objid`, `name`, `title`, `sortorder`, `actionname`) VALUES ('RULADEF-2486b0ca:146fff66c3e:-7ce5', 'adjust-uv', 'Adjust Unit Value', '2', 'adjust-uv');
INSERT INTO `sys_rule_actiondef` (`objid`, `name`, `title`, `sortorder`, `actionname`) VALUES ('RULADEF-60c99d04:1470b276e7f:-7c52', 'calc-bldguse-bmv', 'Calculate Actual Use Base Market Value', '20', 'calc-bldguse-bmv');
INSERT INTO `sys_rule_actiondef` (`objid`, `name`, `title`, `sortorder`, `actionname`) VALUES ('RULADEF3e2b89cb:146ff734573:-7c47', 'calc-bldg-age', 'Calculate Building Age', '1', 'calc-bldg-age');

INSERT INTO `sys_rule_actiondef_param` (`objid`, `parentid`, `name`, `sortorder`, `title`, `datatype`, `handler`, `lookuphandler`, `lookupkey`, `lookupvalue`, `vardatatype`, `lovname`) VALUES ('ACTPARAM-2486b0ca:146fff66c3e:-30fe', 'RULADEF-2486b0ca:146fff66c3e:-3151', 'expr', '2', 'Computation', NULL, 'expression', NULL, NULL, NULL, NULL, NULL);
INSERT INTO `sys_rule_actiondef_param` (`objid`, `parentid`, `name`, `sortorder`, `title`, `datatype`, `handler`, `lookuphandler`, `lookupkey`, `lookupvalue`, `vardatatype`, `lovname`) VALUES ('ACTPARAM-2486b0ca:146fff66c3e:-3105', 'RULADEF-2486b0ca:146fff66c3e:-3151', 'bldguse', '1', 'Building Actual Use', NULL, 'var', NULL, NULL, NULL, 'rptis.bldg.facts.BldgUse', NULL);
INSERT INTO `sys_rule_actiondef_param` (`objid`, `parentid`, `name`, `sortorder`, `title`, `datatype`, `handler`, `lookuphandler`, `lookupkey`, `lookupvalue`, `vardatatype`, `lovname`) VALUES ('ACTPARAM-2486b0ca:146fff66c3e:-4090', 'RULADEF-2486b0ca:146fff66c3e:-4365', 'expr', '2', 'Computation', NULL, 'expression', NULL, NULL, NULL, NULL, NULL);
INSERT INTO `sys_rule_actiondef_param` (`objid`, `parentid`, `name`, `sortorder`, `title`, `datatype`, `handler`, `lookuphandler`, `lookupkey`, `lookupvalue`, `vardatatype`, `lovname`) VALUES ('ACTPARAM-2486b0ca:146fff66c3e:-4351', 'RULADEF-2486b0ca:146fff66c3e:-4365', 'bldguse', '1', 'Building Actual Use', NULL, 'var', NULL, NULL, NULL, 'rptis.bldg.facts.BldgUse', NULL);
INSERT INTO `sys_rule_actiondef_param` (`objid`, `parentid`, `name`, `sortorder`, `title`, `datatype`, `handler`, `lookuphandler`, `lookupkey`, `lookupvalue`, `vardatatype`, `lovname`) VALUES ('ACTPARAM-2486b0ca:146fff66c3e:-45b0', 'RULADEF-2486b0ca:146fff66c3e:-4807', 'bldgstructure', '1', 'Building Structure', NULL, 'var', NULL, NULL, NULL, 'rptis.bldg.facts.BldgStructure', NULL);
INSERT INTO `sys_rule_actiondef_param` (`objid`, `parentid`, `name`, `sortorder`, `title`, `datatype`, `handler`, `lookuphandler`, `lookupkey`, `lookupvalue`, `vardatatype`, `lovname`) VALUES ('ACTPARAM-2486b0ca:146fff66c3e:-5512', 'RULADEF-2486b0ca:146fff66c3e:-5573', 'aggregatetype', '2', 'Aggregation', NULL, 'lov', NULL, NULL, NULL, NULL, 'RPT_VAR_AGGRETATION_TYPES');
INSERT INTO `sys_rule_actiondef_param` (`objid`, `parentid`, `name`, `sortorder`, `title`, `datatype`, `handler`, `lookuphandler`, `lookupkey`, `lookupvalue`, `vardatatype`, `lovname`) VALUES ('ACTPARAM-2486b0ca:146fff66c3e:-552b', 'RULADEF-2486b0ca:146fff66c3e:-5573', 'expr', '3', 'Value Computation', NULL, 'expression', NULL, NULL, NULL, NULL, NULL);
INSERT INTO `sys_rule_actiondef_param` (`objid`, `parentid`, `name`, `sortorder`, `title`, `datatype`, `handler`, `lookuphandler`, `lookupkey`, `lookupvalue`, `vardatatype`, `lovname`) VALUES ('ACTPARAM-2486b0ca:146fff66c3e:-554a', 'RULADEF-2486b0ca:146fff66c3e:-5573', 'var', '1', 'Variable', NULL, 'lookup', 'rptparameter:lookup', 'objid', 'name', NULL, NULL);
INSERT INTO `sys_rule_actiondef_param` (`objid`, `parentid`, `name`, `sortorder`, `title`, `datatype`, `handler`, `lookuphandler`, `lookupkey`, `lookupvalue`, `vardatatype`, `lovname`) VALUES ('ACTPARAM-2486b0ca:146fff66c3e:-6174', 'RULADEF-2486b0ca:146fff66c3e:-619b', 'expr', '2', 'Computation', NULL, 'expression', NULL, NULL, NULL, NULL, NULL);
INSERT INTO `sys_rule_actiondef_param` (`objid`, `parentid`, `name`, `sortorder`, `title`, `datatype`, `handler`, `lookuphandler`, `lookupkey`, `lookupvalue`, `vardatatype`, `lovname`) VALUES ('ACTPARAM-2486b0ca:146fff66c3e:-618b', 'RULADEF-2486b0ca:146fff66c3e:-619b', 'rpu', '1', 'Building Real Property', NULL, 'var', NULL, NULL, NULL, 'rptis.bldg.facts.BldgRPU', NULL);
INSERT INTO `sys_rule_actiondef_param` (`objid`, `parentid`, `name`, `sortorder`, `title`, `datatype`, `handler`, `lookuphandler`, `lookupkey`, `lookupvalue`, `vardatatype`, `lovname`) VALUES ('ACTPARAM-2486b0ca:146fff66c3e:-7204', 'RULADEF-2486b0ca:146fff66c3e:-723b', 'expr', '2', 'Computation', NULL, 'expression', NULL, NULL, NULL, NULL, NULL);
INSERT INTO `sys_rule_actiondef_param` (`objid`, `parentid`, `name`, `sortorder`, `title`, `datatype`, `handler`, `lookuphandler`, `lookupkey`, `lookupvalue`, `vardatatype`, `lovname`) VALUES ('ACTPARAM-2486b0ca:146fff66c3e:-7224', 'RULADEF-2486b0ca:146fff66c3e:-723b', 'adjustment', '1', 'Adjustment', NULL, 'var', NULL, NULL, NULL, 'rptis.bldg.facts.BldgAdjustment', NULL);
INSERT INTO `sys_rule_actiondef_param` (`objid`, `parentid`, `name`, `sortorder`, `title`, `datatype`, `handler`, `lookuphandler`, `lookupkey`, `lookupvalue`, `vardatatype`, `lovname`) VALUES ('ACTPARAM-2486b0ca:146fff66c3e:-7706', 'RULADEF-2486b0ca:146fff66c3e:-771d', 'expr', '2', 'Computation', NULL, 'expression', NULL, NULL, NULL, NULL, NULL);
INSERT INTO `sys_rule_actiondef_param` (`objid`, `parentid`, `name`, `sortorder`, `title`, `datatype`, `handler`, `lookuphandler`, `lookupkey`, `lookupvalue`, `vardatatype`, `lovname`) VALUES ('ACTPARAM-2486b0ca:146fff66c3e:-770d', 'RULADEF-2486b0ca:146fff66c3e:-771d', 'bldguse', '1', 'Building Actual Use', NULL, 'var', NULL, NULL, NULL, 'rptis.bldg.facts.BldgUse', NULL);
INSERT INTO `sys_rule_actiondef_param` (`objid`, `parentid`, `name`, `sortorder`, `title`, `datatype`, `handler`, `lookuphandler`, `lookupkey`, `lookupvalue`, `vardatatype`, `lovname`) VALUES ('ACTPARAM-2486b0ca:146fff66c3e:-7934', 'RULADEF-2486b0ca:146fff66c3e:-7943', 'bldguse', '1', 'Building Use', NULL, 'var', NULL, NULL, NULL, 'rptis.bldg.facts.BldgUse', NULL);
INSERT INTO `sys_rule_actiondef_param` (`objid`, `parentid`, `name`, `sortorder`, `title`, `datatype`, `handler`, `lookuphandler`, `lookupkey`, `lookupvalue`, `vardatatype`, `lovname`) VALUES ('ACTPARAM-2486b0ca:146fff66c3e:-7994', 'RULADEF-2486b0ca:146fff66c3e:-79a8', 'expr', '2', 'Computation', NULL, 'expression', NULL, NULL, NULL, NULL, NULL);
INSERT INTO `sys_rule_actiondef_param` (`objid`, `parentid`, `name`, `sortorder`, `title`, `datatype`, `handler`, `lookuphandler`, `lookupkey`, `lookupvalue`, `vardatatype`, `lovname`) VALUES ('ACTPARAM-2486b0ca:146fff66c3e:-799f', 'RULADEF-2486b0ca:146fff66c3e:-79a8', 'bldgfloor', '1', 'Building Floor', NULL, 'var', NULL, NULL, NULL, 'rptis.bldg.facts.BldgFloor', NULL);
INSERT INTO `sys_rule_actiondef_param` (`objid`, `parentid`, `name`, `sortorder`, `title`, `datatype`, `handler`, `lookuphandler`, `lookupkey`, `lookupvalue`, `vardatatype`, `lovname`) VALUES ('ACTPARAM-2486b0ca:146fff66c3e:-79dc', 'RULADEF-2486b0ca:146fff66c3e:-7a02', 'expr', '2', 'Computation', NULL, 'expression', NULL, NULL, NULL, NULL, NULL);
INSERT INTO `sys_rule_actiondef_param` (`objid`, `parentid`, `name`, `sortorder`, `title`, `datatype`, `handler`, `lookuphandler`, `lookupkey`, `lookupvalue`, `vardatatype`, `lovname`) VALUES ('ACTPARAM-2486b0ca:146fff66c3e:-79e3', 'RULADEF-2486b0ca:146fff66c3e:-7a02', 'bldgfloor', '1', 'Building Floor', NULL, 'var', NULL, NULL, NULL, 'rptis.bldg.facts.BldgFloor', NULL);
INSERT INTO `sys_rule_actiondef_param` (`objid`, `parentid`, `name`, `sortorder`, `title`, `datatype`, `handler`, `lookuphandler`, `lookupkey`, `lookupvalue`, `vardatatype`, `lovname`) VALUES ('ACTPARAM-2486b0ca:146fff66c3e:-7cd2', 'RULADEF-2486b0ca:146fff66c3e:-7ce5', 'expr', '2', 'Computation', NULL, 'expression', NULL, NULL, NULL, NULL, NULL);
INSERT INTO `sys_rule_actiondef_param` (`objid`, `parentid`, `name`, `sortorder`, `title`, `datatype`, `handler`, `lookuphandler`, `lookupkey`, `lookupvalue`, `vardatatype`, `lovname`) VALUES ('ACTPARAM-2486b0ca:146fff66c3e:-7cdb', 'RULADEF-2486b0ca:146fff66c3e:-7ce5', 'bldgstructure', '1', 'Building Structure', NULL, 'var', NULL, NULL, NULL, 'rptis.bldg.facts.BldgStructure', NULL);
INSERT INTO `sys_rule_actiondef_param` (`objid`, `parentid`, `name`, `sortorder`, `title`, `datatype`, `handler`, `lookuphandler`, `lookupkey`, `lookupvalue`, `vardatatype`, `lovname`) VALUES ('ACTPARAM-60c99d04:1470b276e7f:-7c0e', 'RULADEF-60c99d04:1470b276e7f:-7c52', 'expr', '2', 'Computation', NULL, 'expression', NULL, NULL, NULL, NULL, NULL);
INSERT INTO `sys_rule_actiondef_param` (`objid`, `parentid`, `name`, `sortorder`, `title`, `datatype`, `handler`, `lookuphandler`, `lookupkey`, `lookupvalue`, `vardatatype`, `lovname`) VALUES ('ACTPARAM-60c99d04:1470b276e7f:-7c15', 'RULADEF-60c99d04:1470b276e7f:-7c52', 'bldguse', '1', 'Building Actual Use', NULL, 'var', NULL, NULL, NULL, 'rptis.bldg.facts.BldgUse', NULL);
INSERT INTO `sys_rule_actiondef_param` (`objid`, `parentid`, `name`, `sortorder`, `title`, `datatype`, `handler`, `lookuphandler`, `lookupkey`, `lookupvalue`, `vardatatype`, `lovname`) VALUES ('ACTPARAM3e2b89cb:146ff734573:-7c34', 'RULADEF3e2b89cb:146ff734573:-7c47', 'expr', '2', 'Computation', NULL, 'expression', NULL, NULL, NULL, NULL, NULL);
INSERT INTO `sys_rule_actiondef_param` (`objid`, `parentid`, `name`, `sortorder`, `title`, `datatype`, `handler`, `lookuphandler`, `lookupkey`, `lookupvalue`, `vardatatype`, `lovname`) VALUES ('ACTPARAM3e2b89cb:146ff734573:-7c3c', 'RULADEF3e2b89cb:146ff734573:-7c47', 'rpu', '1', 'Building Real Property', NULL, 'var', NULL, NULL, NULL, 'rptis.bldg.facts.BldgRPU', NULL);


INSERT INTO `sys_ruleset_actiondef` (`ruleset`, `actiondef`) VALUES ('bldgassessment', 'RULADEF-2486b0ca:146fff66c3e:-3151');
INSERT INTO `sys_ruleset_actiondef` (`ruleset`, `actiondef`) VALUES ('bldgassessment', 'RULADEF-2486b0ca:146fff66c3e:-4365');
INSERT INTO `sys_ruleset_actiondef` (`ruleset`, `actiondef`) VALUES ('bldgassessment', 'RULADEF-2486b0ca:146fff66c3e:-4807');
INSERT INTO `sys_ruleset_actiondef` (`ruleset`, `actiondef`) VALUES ('bldgassessment', 'RULADEF-2486b0ca:146fff66c3e:-5573');
INSERT INTO `sys_ruleset_actiondef` (`ruleset`, `actiondef`) VALUES ('bldgassessment', 'RULADEF-2486b0ca:146fff66c3e:-619b');
INSERT INTO `sys_ruleset_actiondef` (`ruleset`, `actiondef`) VALUES ('bldgassessment', 'RULADEF-2486b0ca:146fff66c3e:-723b');
INSERT INTO `sys_ruleset_actiondef` (`ruleset`, `actiondef`) VALUES ('bldgassessment', 'RULADEF-2486b0ca:146fff66c3e:-771d');
INSERT INTO `sys_ruleset_actiondef` (`ruleset`, `actiondef`) VALUES ('bldgassessment', 'RULADEF-2486b0ca:146fff66c3e:-7943');
INSERT INTO `sys_ruleset_actiondef` (`ruleset`, `actiondef`) VALUES ('bldgassessment', 'RULADEF-2486b0ca:146fff66c3e:-79a8');
INSERT INTO `sys_ruleset_actiondef` (`ruleset`, `actiondef`) VALUES ('bldgassessment', 'RULADEF-2486b0ca:146fff66c3e:-7a02');
INSERT INTO `sys_ruleset_actiondef` (`ruleset`, `actiondef`) VALUES ('bldgassessment', 'RULADEF-2486b0ca:146fff66c3e:-7ce5');
INSERT INTO `sys_ruleset_actiondef` (`ruleset`, `actiondef`) VALUES ('bldgassessment', 'RULADEF-60c99d04:1470b276e7f:-7c52');
INSERT INTO `sys_ruleset_actiondef` (`ruleset`, `actiondef`) VALUES ('bldgassessment', 'RULADEF3e2b89cb:146ff734573:-7c47');



INSERT INTO `sys_rule` (`objid`, `state`, `name`, `ruleset`, `rulegroup`, `title`, `description`, `salience`, `effectivefrom`, `effectiveto`, `dtfiled`, `user_objid`, `user_name`) VALUES ('RUL-2486b0ca:146fff66c3e:-19ed', 'DEPLOYED', 'CALC_SPLIT_ASSESS_LEVELS', 'bldgassessment', 'ASSESSLEVEL', 'CALC SPLIT ASSESS LEVELS', NULL, '50000', NULL, NULL, '2014-07-05 17:38:46', 'USR-76debefa:14611f1332c:-7ff1', 'RPTADMIN');
INSERT INTO `sys_rule` (`objid`, `state`, `name`, `ruleset`, `rulegroup`, `title`, `description`, `salience`, `effectivefrom`, `effectiveto`, `dtfiled`, `user_objid`, `user_name`) VALUES ('RUL-2486b0ca:146fff66c3e:-2c4a', 'DEPLOYED', 'CALC_ACTUAL_USE_MV', 'bldgassessment', 'MARKETVALUE', 'CALC ACTUAL USE MV', NULL, '50000', NULL, NULL, '2014-07-05 16:18:41', 'USR-76debefa:14611f1332c:-7ff1', 'RPTADMIN');
INSERT INTO `sys_rule` (`objid`, `state`, `name`, `ruleset`, `rulegroup`, `title`, `description`, `salience`, `effectivefrom`, `effectiveto`, `dtfiled`, `user_objid`, `user_name`) VALUES ('RUL-2486b0ca:146fff66c3e:-38e4', 'DEPLOYED', 'CALC_FLOOR_MARKET_VALUE', 'bldgassessment', 'BEFORE-MARKETVALUE', 'CALC FLOOR MARKET VALUE', NULL, '50000', NULL, NULL, '2014-07-05 15:59:48', 'USR-76debefa:14611f1332c:-7ff1', 'RPTADMIN');
INSERT INTO `sys_rule` (`objid`, `state`, `name`, `ruleset`, `rulegroup`, `title`, `description`, `salience`, `effectivefrom`, `effectiveto`, `dtfiled`, `user_objid`, `user_name`) VALUES ('RUL-2486b0ca:146fff66c3e:-4192', 'DEPLOYED', 'CALC_DEPRECIATION', 'bldgassessment', 'DEPRECIATION', 'CALC DEPRECIATION', NULL, '50000', NULL, NULL, '2014-07-05 15:13:30', 'USR-76debefa:14611f1332c:-7ff1', 'RPTADMIN');
INSERT INTO `sys_rule` (`objid`, `state`, `name`, `ruleset`, `rulegroup`, `title`, `description`, `salience`, `effectivefrom`, `effectiveto`, `dtfiled`, `user_objid`, `user_name`) VALUES ('RUL-2486b0ca:146fff66c3e:-4697', 'DEPLOYED', 'CALC_DEPRECATION_RATE_FROM_SKED', 'bldgassessment', 'BEFORE-DEPRECIATON', 'CALC DEPRECATION RATE FROM SKED', NULL, '50000', NULL, NULL, '2014-07-05 14:56:03', 'USR-76debefa:14611f1332c:-7ff1', 'RPTADMIN');
INSERT INTO `sys_rule` (`objid`, `state`, `name`, `ruleset`, `rulegroup`, `title`, `description`, `salience`, `effectivefrom`, `effectiveto`, `dtfiled`, `user_objid`, `user_name`) VALUES ('RUL-2486b0ca:146fff66c3e:-52af', 'DEPLOYED', 'TOTAL_ADDITIONAL_ITEM', 'bldgassessment', 'AFTER-ADJUSTMENT', 'TOTAL_ADDITIONAL_ITEM', NULL, '50000', NULL, NULL, '2014-07-05 13:53:52', 'USR-76debefa:14611f1332c:-7ff1', 'RPTADMIN');
INSERT INTO `sys_rule` (`objid`, `state`, `name`, `ruleset`, `rulegroup`, `title`, `description`, `salience`, `effectivefrom`, `effectiveto`, `dtfiled`, `user_objid`, `user_name`) VALUES ('RUL-2486b0ca:146fff66c3e:-622c', 'APPROVED', 'PREDOMINANT_AV_FIX_RATE_COMPUTATION', 'bldgassessment', 'ASSESSVALUE', 'PREDOMINANT AV FIX RATE COMPUTATION', NULL, '50000', NULL, NULL, '2014-07-05 11:26:13', 'USR-76debefa:14611f1332c:-7ff1', 'RPTADMIN');
INSERT INTO `sys_rule` (`objid`, `state`, `name`, `ruleset`, `rulegroup`, `title`, `description`, `salience`, `effectivefrom`, `effectiveto`, `dtfiled`, `user_objid`, `user_name`) VALUES ('RUL-2486b0ca:146fff66c3e:-6624', 'DEPLOYED', 'SPLIT_AV_FIX_RATE_COMPUTATION', 'bldgassessment', 'ASSESSVALUE', 'SPLIT AV FIX RATE COMPUTATION', NULL, '50000', NULL, NULL, '2014-07-05 10:55:21', 'USR-76debefa:14611f1332c:-7ff1', 'RPTADMIN');
INSERT INTO `sys_rule` (`objid`, `state`, `name`, `ruleset`, `rulegroup`, `title`, `description`, `salience`, `effectivefrom`, `effectiveto`, `dtfiled`, `user_objid`, `user_name`) VALUES ('RUL-2486b0ca:146fff66c3e:-6b05', 'DEPLOYED', 'CALC_FLOOR_BMV', 'bldgassessment', 'FLOOR', 'CALC FLOOR BMV', NULL, '50000', NULL, NULL, '2014-07-05 10:44:09', 'USR-76debefa:14611f1332c:-7ff1', 'RPTADMIN');
INSERT INTO `sys_rule` (`objid`, `state`, `name`, `ruleset`, `rulegroup`, `title`, `description`, `salience`, `effectivefrom`, `effectiveto`, `dtfiled`, `user_objid`, `user_name`) VALUES ('RUL-60c99d04:1470b276e7f:-7ecc', 'DEPLOYED', 'CALC_BMV', 'bldgassessment', 'BASEMARKETVALUE', 'CALC BMV ', NULL, '50000', NULL, NULL, '2014-07-06 18:12:42', 'USR-76debefa:14611f1332c:-7ff1', 'RPTADMIN');
INSERT INTO `sys_rule` (`objid`, `state`, `name`, `ruleset`, `rulegroup`, `title`, `description`, `salience`, `effectivefrom`, `effectiveto`, `dtfiled`, `user_objid`, `user_name`) VALUES ('RUL2d0a03d8:1470a9a2b16:-7b9c', 'DEPLOYED', 'COMPUTE_HAULING_COST', 'bldgassessment', 'BEFORE-DEPRECIATON', 'COMPUTE HAULING COST', NULL, '40000', NULL, NULL, '2014-07-06 15:42:38', 'USR-76debefa:14611f1332c:-7ff1', 'RPTADMIN');
INSERT INTO `sys_rule` (`objid`, `state`, `name`, `ruleset`, `rulegroup`, `title`, `description`, `salience`, `effectivefrom`, `effectiveto`, `dtfiled`, `user_objid`, `user_name`) VALUES ('RUL3e2b89cb:146ff734573:-7dcc', 'DEPLOYED', 'COMPUTE_BLDG_AGE', 'bldgassessment', 'PRE-ASSESSMENT', 'COMPUTE BLDG AGE', NULL, '50000', NULL, NULL, '2014-07-04 12:33:14', 'USR-76debefa:14611f1332c:-7ff1', 'RPTADMIN');


INSERT INTO `sys_rule_condition` (`objid`, `parentid`, `fact_name`, `fact_objid`, `varname`, `pos`, `ruletext`, `displaytext`, `dynamic_datatype`, `dynamic_key`, `dynamic_value`) VALUES ('RCOND-103fed47:146ffb40356:-7d40', 'RUL3e2b89cb:146ff734573:-7dcc', 'BldgRPU', 'RULFACT3e2b89cb:146ff734573:-7fcb', 'RPU', '0', NULL, NULL, NULL, NULL, NULL);
INSERT INTO `sys_rule_condition` (`objid`, `parentid`, `fact_name`, `fact_objid`, `varname`, `pos`, `ruletext`, `displaytext`, `dynamic_datatype`, `dynamic_key`, `dynamic_value`) VALUES ('RCOND-2486b0ca:146fff66c3e:-198c', 'RUL-2486b0ca:146fff66c3e:-19ed', 'BldgUse', 'RULFACT-2486b0ca:146fff66c3e:-7b6a', 'BU', '0', NULL, NULL, NULL, NULL, NULL);
INSERT INTO `sys_rule_condition` (`objid`, `parentid`, `fact_name`, `fact_objid`, `varname`, `pos`, `ruletext`, `displaytext`, `dynamic_datatype`, `dynamic_key`, `dynamic_value`) VALUES ('RCOND-2486b0ca:146fff66c3e:-2bf1', 'RUL-2486b0ca:146fff66c3e:-2c4a', 'BldgUse', 'RULFACT-2486b0ca:146fff66c3e:-7b6a', 'BU', '0', NULL, NULL, NULL, NULL, NULL);
INSERT INTO `sys_rule_condition` (`objid`, `parentid`, `fact_name`, `fact_objid`, `varname`, `pos`, `ruletext`, `displaytext`, `dynamic_datatype`, `dynamic_key`, `dynamic_value`) VALUES ('RCOND-2486b0ca:146fff66c3e:-3888', 'RUL-2486b0ca:146fff66c3e:-38e4', 'BldgFloor', 'RULFACT-2486b0ca:146fff66c3e:-7ad1', 'BF', '0', NULL, NULL, NULL, NULL, NULL);
INSERT INTO `sys_rule_condition` (`objid`, `parentid`, `fact_name`, `fact_objid`, `varname`, `pos`, `ruletext`, `displaytext`, `dynamic_datatype`, `dynamic_key`, `dynamic_value`) VALUES ('RCOND-2486b0ca:146fff66c3e:-3ed1', 'RUL-2486b0ca:146fff66c3e:-4192', 'BldgUse', 'RULFACT-2486b0ca:146fff66c3e:-7b6a', 'BU', '1', NULL, NULL, NULL, NULL, NULL);
INSERT INTO `sys_rule_condition` (`objid`, `parentid`, `fact_name`, `fact_objid`, `varname`, `pos`, `ruletext`, `displaytext`, `dynamic_datatype`, `dynamic_key`, `dynamic_value`) VALUES ('RCOND-2486b0ca:146fff66c3e:-3f91', 'RUL-2486b0ca:146fff66c3e:-4192', 'BldgRPU', 'RULFACT3e2b89cb:146ff734573:-7fcb', 'RPU', '0', NULL, NULL, NULL, NULL, NULL);
INSERT INTO `sys_rule_condition` (`objid`, `parentid`, `fact_name`, `fact_objid`, `varname`, `pos`, `ruletext`, `displaytext`, `dynamic_datatype`, `dynamic_key`, `dynamic_value`) VALUES ('RCOND-2486b0ca:146fff66c3e:-445d', 'RUL-2486b0ca:146fff66c3e:-4697', 'BldgStructure', 'RULFACT-2486b0ca:146fff66c3e:-7e0e', 'BS', '0', NULL, NULL, NULL, NULL, NULL);
INSERT INTO `sys_rule_condition` (`objid`, `parentid`, `fact_name`, `fact_objid`, `varname`, `pos`, `ruletext`, `displaytext`, `dynamic_datatype`, `dynamic_key`, `dynamic_value`) VALUES ('RCOND-2486b0ca:146fff66c3e:-5250', 'RUL-2486b0ca:146fff66c3e:-52af', 'BldgAdjustment', 'RULFACT-2486b0ca:146fff66c3e:-711c', 'ADJ', '0', NULL, NULL, NULL, NULL, NULL);
INSERT INTO `sys_rule_condition` (`objid`, `parentid`, `fact_name`, `fact_objid`, `varname`, `pos`, `ruletext`, `displaytext`, `dynamic_datatype`, `dynamic_key`, `dynamic_value`) VALUES ('RCOND-2486b0ca:146fff66c3e:-5e75', 'RUL-2486b0ca:146fff66c3e:-622c', 'BldgRPU', 'RULFACT3e2b89cb:146ff734573:-7fcb', 'RPU', '0', NULL, NULL, NULL, NULL, NULL);
INSERT INTO `sys_rule_condition` (`objid`, `parentid`, `fact_name`, `fact_objid`, `varname`, `pos`, `ruletext`, `displaytext`, `dynamic_datatype`, `dynamic_key`, `dynamic_value`) VALUES ('RCOND-2486b0ca:146fff66c3e:-658b', 'RUL-2486b0ca:146fff66c3e:-6624', 'BldgUse', 'RULFACT-2486b0ca:146fff66c3e:-7b6a', 'BU', '0', NULL, NULL, NULL, NULL, NULL);
INSERT INTO `sys_rule_condition` (`objid`, `parentid`, `fact_name`, `fact_objid`, `varname`, `pos`, `ruletext`, `displaytext`, `dynamic_datatype`, `dynamic_key`, `dynamic_value`) VALUES ('RCOND-2486b0ca:146fff66c3e:-6aad', 'RUL-2486b0ca:146fff66c3e:-6b05', 'BldgFloor', 'RULFACT-2486b0ca:146fff66c3e:-7ad1', 'BF', '0', NULL, NULL, NULL, NULL, NULL);
INSERT INTO `sys_rule_condition` (`objid`, `parentid`, `fact_name`, `fact_objid`, `varname`, `pos`, `ruletext`, `displaytext`, `dynamic_datatype`, `dynamic_key`, `dynamic_value`) VALUES ('RCOND-60c99d04:1470b276e7f:-7dd3', 'RUL-60c99d04:1470b276e7f:-7ecc', 'BldgUse', 'RULFACT-2486b0ca:146fff66c3e:-7b6a', 'BU', '1', NULL, NULL, NULL, NULL, NULL);
INSERT INTO `sys_rule_condition` (`objid`, `parentid`, `fact_name`, `fact_objid`, `varname`, `pos`, `ruletext`, `displaytext`, `dynamic_datatype`, `dynamic_key`, `dynamic_value`) VALUES ('RCOND-60c99d04:1470b276e7f:-7e2a', 'RUL-60c99d04:1470b276e7f:-7ecc', 'BldgStructure', 'RULFACT-2486b0ca:146fff66c3e:-7e0e', 'BS', '0', NULL, NULL, NULL, NULL, NULL);
INSERT INTO `sys_rule_condition` (`objid`, `parentid`, `fact_name`, `fact_objid`, `varname`, `pos`, `ruletext`, `displaytext`, `dynamic_datatype`, `dynamic_key`, `dynamic_value`) VALUES ('RCOND2d0a03d8:1470a9a2b16:-7a17', 'RUL2d0a03d8:1470a9a2b16:-7b9c', 'variable', 'RULFACT-2486b0ca:146fff66c3e:-57b0', 'VAR', '1', NULL, NULL, NULL, NULL, NULL);
INSERT INTO `sys_rule_condition` (`objid`, `parentid`, `fact_name`, `fact_objid`, `varname`, `pos`, `ruletext`, `displaytext`, `dynamic_datatype`, `dynamic_key`, `dynamic_value`) VALUES ('RCOND2d0a03d8:1470a9a2b16:-7b07', 'RUL2d0a03d8:1470a9a2b16:-7b9c', 'BldgAdjustment', 'RULFACT-2486b0ca:146fff66c3e:-711c', 'ADJ', '0', NULL, NULL, NULL, NULL, NULL);


INSERT INTO `sys_rule_condition_var` (`objid`, `parentid`, `ruleid`, `varname`, `datatype`, `pos`) VALUES ('RCOND-103fed47:146ffb40356:-7d40', 'RCOND-103fed47:146ffb40356:-7d40', 'RUL3e2b89cb:146ff734573:-7dcc', 'RPU', 'rptis.bldg.facts.BldgRPU', '0');
INSERT INTO `sys_rule_condition_var` (`objid`, `parentid`, `ruleid`, `varname`, `datatype`, `pos`) VALUES ('RCOND-2486b0ca:146fff66c3e:-198c', 'RCOND-2486b0ca:146fff66c3e:-198c', 'RUL-2486b0ca:146fff66c3e:-19ed', 'BU', 'rptis.bldg.facts.BldgUse', '0');
INSERT INTO `sys_rule_condition_var` (`objid`, `parentid`, `ruleid`, `varname`, `datatype`, `pos`) VALUES ('RCOND-2486b0ca:146fff66c3e:-2bf1', 'RCOND-2486b0ca:146fff66c3e:-2bf1', 'RUL-2486b0ca:146fff66c3e:-2c4a', 'BU', 'rptis.bldg.facts.BldgUse', '0');
INSERT INTO `sys_rule_condition_var` (`objid`, `parentid`, `ruleid`, `varname`, `datatype`, `pos`) VALUES ('RCOND-2486b0ca:146fff66c3e:-3888', 'RCOND-2486b0ca:146fff66c3e:-3888', 'RUL-2486b0ca:146fff66c3e:-38e4', 'BF', 'rptis.bldg.facts.BldgFloor', '0');
INSERT INTO `sys_rule_condition_var` (`objid`, `parentid`, `ruleid`, `varname`, `datatype`, `pos`) VALUES ('RCOND-2486b0ca:146fff66c3e:-3ed1', 'RCOND-2486b0ca:146fff66c3e:-3ed1', 'RUL-2486b0ca:146fff66c3e:-4192', 'BU', 'rptis.bldg.facts.BldgUse', '1');
INSERT INTO `sys_rule_condition_var` (`objid`, `parentid`, `ruleid`, `varname`, `datatype`, `pos`) VALUES ('RCOND-2486b0ca:146fff66c3e:-3f91', 'RCOND-2486b0ca:146fff66c3e:-3f91', 'RUL-2486b0ca:146fff66c3e:-4192', 'RPU', 'rptis.bldg.facts.BldgRPU', '0');
INSERT INTO `sys_rule_condition_var` (`objid`, `parentid`, `ruleid`, `varname`, `datatype`, `pos`) VALUES ('RCOND-2486b0ca:146fff66c3e:-445d', 'RCOND-2486b0ca:146fff66c3e:-445d', 'RUL-2486b0ca:146fff66c3e:-4697', 'BS', 'rptis.bldg.facts.BldgStructure', '0');
INSERT INTO `sys_rule_condition_var` (`objid`, `parentid`, `ruleid`, `varname`, `datatype`, `pos`) VALUES ('RCOND-2486b0ca:146fff66c3e:-5250', 'RCOND-2486b0ca:146fff66c3e:-5250', 'RUL-2486b0ca:146fff66c3e:-52af', 'ADJ', 'rptis.bldg.facts.BldgAdjustment', '0');
INSERT INTO `sys_rule_condition_var` (`objid`, `parentid`, `ruleid`, `varname`, `datatype`, `pos`) VALUES ('RCOND-2486b0ca:146fff66c3e:-5e75', 'RCOND-2486b0ca:146fff66c3e:-5e75', 'RUL-2486b0ca:146fff66c3e:-622c', 'RPU', 'rptis.bldg.facts.BldgRPU', '0');
INSERT INTO `sys_rule_condition_var` (`objid`, `parentid`, `ruleid`, `varname`, `datatype`, `pos`) VALUES ('RCOND-2486b0ca:146fff66c3e:-658b', 'RCOND-2486b0ca:146fff66c3e:-658b', 'RUL-2486b0ca:146fff66c3e:-6624', 'BU', 'rptis.bldg.facts.BldgUse', '0');
INSERT INTO `sys_rule_condition_var` (`objid`, `parentid`, `ruleid`, `varname`, `datatype`, `pos`) VALUES ('RCOND-2486b0ca:146fff66c3e:-6aad', 'RCOND-2486b0ca:146fff66c3e:-6aad', 'RUL-2486b0ca:146fff66c3e:-6b05', 'BF', 'rptis.bldg.facts.BldgFloor', '0');
INSERT INTO `sys_rule_condition_var` (`objid`, `parentid`, `ruleid`, `varname`, `datatype`, `pos`) VALUES ('RCOND-60c99d04:1470b276e7f:-7dd3', 'RCOND-60c99d04:1470b276e7f:-7dd3', 'RUL-60c99d04:1470b276e7f:-7ecc', 'BU', 'rptis.bldg.facts.BldgUse', '1');
INSERT INTO `sys_rule_condition_var` (`objid`, `parentid`, `ruleid`, `varname`, `datatype`, `pos`) VALUES ('RCOND-60c99d04:1470b276e7f:-7e2a', 'RCOND-60c99d04:1470b276e7f:-7e2a', 'RUL-60c99d04:1470b276e7f:-7ecc', 'BS', 'rptis.bldg.facts.BldgStructure', '0');
INSERT INTO `sys_rule_condition_var` (`objid`, `parentid`, `ruleid`, `varname`, `datatype`, `pos`) VALUES ('RCOND2d0a03d8:1470a9a2b16:-7a17', 'RCOND2d0a03d8:1470a9a2b16:-7a17', 'RUL2d0a03d8:1470a9a2b16:-7b9c', 'VAR', 'rptis.bldg.facts.BldgVariable', '1');
INSERT INTO `sys_rule_condition_var` (`objid`, `parentid`, `ruleid`, `varname`, `datatype`, `pos`) VALUES ('RCOND2d0a03d8:1470a9a2b16:-7b07', 'RCOND2d0a03d8:1470a9a2b16:-7b07', 'RUL2d0a03d8:1470a9a2b16:-7b9c', 'ADJ', 'rptis.bldg.facts.BldgAdjustment', '0');
INSERT INTO `sys_rule_condition_var` (`objid`, `parentid`, `ruleid`, `varname`, `datatype`, `pos`) VALUES ('RCONST-103fed47:146ffb40356:-7c7c', 'RCOND-103fed47:146ffb40356:-7d40', 'RUL3e2b89cb:146ff734573:-7dcc', 'YRCOMPLETED', 'integer', '1');
INSERT INTO `sys_rule_condition_var` (`objid`, `parentid`, `ruleid`, `varname`, `datatype`, `pos`) VALUES ('RCONST-103fed47:146ffb40356:-7ce5', 'RCOND-103fed47:146ffb40356:-7d40', 'RUL3e2b89cb:146ff734573:-7dcc', 'YRAPPRAISED', 'integer', '0');
INSERT INTO `sys_rule_condition_var` (`objid`, `parentid`, `ruleid`, `varname`, `datatype`, `pos`) VALUES ('RCONST-2486b0ca:146fff66c3e:-2b45', 'RCOND-2486b0ca:146fff66c3e:-2bf1', 'RUL-2486b0ca:146fff66c3e:-2c4a', 'ADJ', 'decimal', '2');
INSERT INTO `sys_rule_condition_var` (`objid`, `parentid`, `ruleid`, `varname`, `datatype`, `pos`) VALUES ('RCONST-2486b0ca:146fff66c3e:-2b8c', 'RCOND-2486b0ca:146fff66c3e:-2bf1', 'RUL-2486b0ca:146fff66c3e:-2c4a', 'DEP', 'decimal', '1');
INSERT INTO `sys_rule_condition_var` (`objid`, `parentid`, `ruleid`, `varname`, `datatype`, `pos`) VALUES ('RCONST-2486b0ca:146fff66c3e:-2bc5', 'RCOND-2486b0ca:146fff66c3e:-2bf1', 'RUL-2486b0ca:146fff66c3e:-2c4a', 'BMV', 'decimal', '0');
INSERT INTO `sys_rule_condition_var` (`objid`, `parentid`, `ruleid`, `varname`, `datatype`, `pos`) VALUES ('RCONST-2486b0ca:146fff66c3e:-382b', 'RCOND-2486b0ca:146fff66c3e:-3888', 'RUL-2486b0ca:146fff66c3e:-38e4', 'ADJ', 'decimal', '1');
INSERT INTO `sys_rule_condition_var` (`objid`, `parentid`, `ruleid`, `varname`, `datatype`, `pos`) VALUES ('RCONST-2486b0ca:146fff66c3e:-3860', 'RCOND-2486b0ca:146fff66c3e:-3888', 'RUL-2486b0ca:146fff66c3e:-38e4', 'BMV', 'decimal', '0');
INSERT INTO `sys_rule_condition_var` (`objid`, `parentid`, `ruleid`, `varname`, `datatype`, `pos`) VALUES ('RCONST-2486b0ca:146fff66c3e:-3deb', 'RCOND-2486b0ca:146fff66c3e:-3ed1', 'RUL-2486b0ca:146fff66c3e:-4192', 'ADJ', 'decimal', '1');
INSERT INTO `sys_rule_condition_var` (`objid`, `parentid`, `ruleid`, `varname`, `datatype`, `pos`) VALUES ('RCONST-2486b0ca:146fff66c3e:-3e2a', 'RCOND-2486b0ca:146fff66c3e:-3ed1', 'RUL-2486b0ca:146fff66c3e:-4192', 'BMV', 'decimal', '0');
INSERT INTO `sys_rule_condition_var` (`objid`, `parentid`, `ruleid`, `varname`, `datatype`, `pos`) VALUES ('RCONST-2486b0ca:146fff66c3e:-3f19', 'RCOND-2486b0ca:146fff66c3e:-3f91', 'RUL-2486b0ca:146fff66c3e:-4192', 'DPRATE', 'decimal', '0');
INSERT INTO `sys_rule_condition_var` (`objid`, `parentid`, `ruleid`, `varname`, `datatype`, `pos`) VALUES ('RCONST-2486b0ca:146fff66c3e:-5170', 'RCOND-2486b0ca:146fff66c3e:-5250', 'RUL-2486b0ca:146fff66c3e:-52af', 'AMOUNT', 'decimal', '1');
INSERT INTO `sys_rule_condition_var` (`objid`, `parentid`, `ruleid`, `varname`, `datatype`, `pos`) VALUES ('RCONST-2486b0ca:146fff66c3e:-5c6d', 'RCOND-2486b0ca:146fff66c3e:-5e75', 'RUL-2486b0ca:146fff66c3e:-622c', 'MV', 'decimal', '2');
INSERT INTO `sys_rule_condition_var` (`objid`, `parentid`, `ruleid`, `varname`, `datatype`, `pos`) VALUES ('RCONST-2486b0ca:146fff66c3e:-5cf5', 'RCOND-2486b0ca:146fff66c3e:-5e75', 'RUL-2486b0ca:146fff66c3e:-622c', 'AL', 'decimal', '2');
INSERT INTO `sys_rule_condition_var` (`objid`, `parentid`, `ruleid`, `varname`, `datatype`, `pos`) VALUES ('RCONST-2486b0ca:146fff66c3e:-64cb', 'RCOND-2486b0ca:146fff66c3e:-658b', 'RUL-2486b0ca:146fff66c3e:-6624', 'AL', 'decimal', '2');
INSERT INTO `sys_rule_condition_var` (`objid`, `parentid`, `ruleid`, `varname`, `datatype`, `pos`) VALUES ('RCONST-2486b0ca:146fff66c3e:-650e', 'RCOND-2486b0ca:146fff66c3e:-658b', 'RUL-2486b0ca:146fff66c3e:-6624', 'MV', 'decimal', '1');
INSERT INTO `sys_rule_condition_var` (`objid`, `parentid`, `ruleid`, `varname`, `datatype`, `pos`) VALUES ('RCONST-2486b0ca:146fff66c3e:-6a5a', 'RCOND-2486b0ca:146fff66c3e:-6aad', 'RUL-2486b0ca:146fff66c3e:-6b05', 'UV', 'decimal', '1');
INSERT INTO `sys_rule_condition_var` (`objid`, `parentid`, `ruleid`, `varname`, `datatype`, `pos`) VALUES ('RCONST-2486b0ca:146fff66c3e:-6a8b', 'RCOND-2486b0ca:146fff66c3e:-6aad', 'RUL-2486b0ca:146fff66c3e:-6b05', 'AREA', 'decimal', '0');
INSERT INTO `sys_rule_condition_var` (`objid`, `parentid`, `ruleid`, `varname`, `datatype`, `pos`) VALUES ('RCONST-60c99d04:1470b276e7f:-7d64', 'RCOND-60c99d04:1470b276e7f:-7dd3', 'RUL-60c99d04:1470b276e7f:-7ecc', 'BASEVALUE', 'decimal', '1');
INSERT INTO `sys_rule_condition_var` (`objid`, `parentid`, `ruleid`, `varname`, `datatype`, `pos`) VALUES ('RCONST-60c99d04:1470b276e7f:-7e0c', 'RCOND-60c99d04:1470b276e7f:-7e2a', 'RUL-60c99d04:1470b276e7f:-7ecc', 'BASEAREA', 'decimal', '0');
INSERT INTO `sys_rule_condition_var` (`objid`, `parentid`, `ruleid`, `varname`, `datatype`, `pos`) VALUES ('RCONST2d0a03d8:1470a9a2b16:-78d8', 'RCOND2d0a03d8:1470a9a2b16:-7a17', 'RUL2d0a03d8:1470a9a2b16:-7b9c', 'ADJAMOUNT', 'decimal', '1');


INSERT INTO `sys_rule_condition_constraint` (`objid`, `parentid`, `field_objid`, `fieldname`, `varname`, `operator_caption`, `operator_symbol`, `usevar`, `var_objid`, `var_name`, `decimalvalue`, `intvalue`, `stringvalue`, `listvalue`, `datevalue`, `pos`) VALUES ('RCONST-103fed47:146ffb40356:-7c7c', 'RCOND-103fed47:146ffb40356:-7d40', 'FACTFLD3e2b89cb:146ff734573:-7ed5', 'yrcompleted', 'YRCOMPLETED', 'greater than', '>', NULL, NULL, NULL, NULL, '0', NULL, NULL, NULL, '1');
INSERT INTO `sys_rule_condition_constraint` (`objid`, `parentid`, `field_objid`, `fieldname`, `varname`, `operator_caption`, `operator_symbol`, `usevar`, `var_objid`, `var_name`, `decimalvalue`, `intvalue`, `stringvalue`, `listvalue`, `datevalue`, `pos`) VALUES ('RCONST-103fed47:146ffb40356:-7ce5', 'RCOND-103fed47:146ffb40356:-7d40', 'FACTFLD3e2b89cb:146ff734573:-7ede', 'yrappraised', 'YRAPPRAISED', 'greater than', '>', NULL, NULL, NULL, NULL, '0', NULL, NULL, NULL, '0');
INSERT INTO `sys_rule_condition_constraint` (`objid`, `parentid`, `field_objid`, `fieldname`, `varname`, `operator_caption`, `operator_symbol`, `usevar`, `var_objid`, `var_name`, `decimalvalue`, `intvalue`, `stringvalue`, `listvalue`, `datevalue`, `pos`) VALUES ('RCONST-2486b0ca:146fff66c3e:-1954', 'RCOND-2486b0ca:146fff66c3e:-198c', 'FACTFLD-2486b0ca:146fff66c3e:-78af', 'fixrate', NULL, 'not true', '== false', NULL, NULL, NULL, NULL, NULL, NULL, NULL, NULL, '0');
INSERT INTO `sys_rule_condition_constraint` (`objid`, `parentid`, `field_objid`, `fieldname`, `varname`, `operator_caption`, `operator_symbol`, `usevar`, `var_objid`, `var_name`, `decimalvalue`, `intvalue`, `stringvalue`, `listvalue`, `datevalue`, `pos`) VALUES ('RCONST-2486b0ca:146fff66c3e:-2b45', 'RCOND-2486b0ca:146fff66c3e:-2bf1', 'FACTFLD-2486b0ca:146fff66c3e:-7b23', 'adjustment', 'ADJ', NULL, NULL, NULL, NULL, NULL, NULL, NULL, NULL, NULL, NULL, '2');
INSERT INTO `sys_rule_condition_constraint` (`objid`, `parentid`, `field_objid`, `fieldname`, `varname`, `operator_caption`, `operator_symbol`, `usevar`, `var_objid`, `var_name`, `decimalvalue`, `intvalue`, `stringvalue`, `listvalue`, `datevalue`, `pos`) VALUES ('RCONST-2486b0ca:146fff66c3e:-2b8c', 'RCOND-2486b0ca:146fff66c3e:-2bf1', 'FACTFLD-2486b0ca:146fff66c3e:-7b2c', 'depreciationvalue', 'DEP', NULL, NULL, NULL, NULL, NULL, NULL, NULL, NULL, NULL, NULL, '1');
INSERT INTO `sys_rule_condition_constraint` (`objid`, `parentid`, `field_objid`, `fieldname`, `varname`, `operator_caption`, `operator_symbol`, `usevar`, `var_objid`, `var_name`, `decimalvalue`, `intvalue`, `stringvalue`, `listvalue`, `datevalue`, `pos`) VALUES ('RCONST-2486b0ca:146fff66c3e:-2bc5', 'RCOND-2486b0ca:146fff66c3e:-2bf1', 'FACTFLD-2486b0ca:146fff66c3e:-7b35', 'basemarketvalue', 'BMV', NULL, NULL, NULL, NULL, NULL, NULL, NULL, NULL, NULL, NULL, '0');
INSERT INTO `sys_rule_condition_constraint` (`objid`, `parentid`, `field_objid`, `fieldname`, `varname`, `operator_caption`, `operator_symbol`, `usevar`, `var_objid`, `var_name`, `decimalvalue`, `intvalue`, `stringvalue`, `listvalue`, `datevalue`, `pos`) VALUES ('RCONST-2486b0ca:146fff66c3e:-382b', 'RCOND-2486b0ca:146fff66c3e:-3888', 'FACTFLD-2486b0ca:146fff66c3e:-7a60', 'adjustment', 'ADJ', NULL, NULL, NULL, NULL, NULL, NULL, NULL, NULL, NULL, NULL, '1');
INSERT INTO `sys_rule_condition_constraint` (`objid`, `parentid`, `field_objid`, `fieldname`, `varname`, `operator_caption`, `operator_symbol`, `usevar`, `var_objid`, `var_name`, `decimalvalue`, `intvalue`, `stringvalue`, `listvalue`, `datevalue`, `pos`) VALUES ('RCONST-2486b0ca:146fff66c3e:-3860', 'RCOND-2486b0ca:146fff66c3e:-3888', 'FACTFLD-2486b0ca:146fff66c3e:-7a6b', 'basemarketvalue', 'BMV', NULL, NULL, NULL, NULL, NULL, NULL, NULL, NULL, NULL, NULL, '0');
INSERT INTO `sys_rule_condition_constraint` (`objid`, `parentid`, `field_objid`, `fieldname`, `varname`, `operator_caption`, `operator_symbol`, `usevar`, `var_objid`, `var_name`, `decimalvalue`, `intvalue`, `stringvalue`, `listvalue`, `datevalue`, `pos`) VALUES ('RCONST-2486b0ca:146fff66c3e:-3deb', 'RCOND-2486b0ca:146fff66c3e:-3ed1', 'FACTFLD-2486b0ca:146fff66c3e:-7b23', 'adjustment', 'ADJ', NULL, NULL, NULL, NULL, NULL, NULL, NULL, NULL, NULL, NULL, '1');
INSERT INTO `sys_rule_condition_constraint` (`objid`, `parentid`, `field_objid`, `fieldname`, `varname`, `operator_caption`, `operator_symbol`, `usevar`, `var_objid`, `var_name`, `decimalvalue`, `intvalue`, `stringvalue`, `listvalue`, `datevalue`, `pos`) VALUES ('RCONST-2486b0ca:146fff66c3e:-3e2a', 'RCOND-2486b0ca:146fff66c3e:-3ed1', 'FACTFLD-2486b0ca:146fff66c3e:-7b35', 'basemarketvalue', 'BMV', NULL, NULL, NULL, NULL, NULL, NULL, NULL, NULL, NULL, NULL, '0');
INSERT INTO `sys_rule_condition_constraint` (`objid`, `parentid`, `field_objid`, `fieldname`, `varname`, `operator_caption`, `operator_symbol`, `usevar`, `var_objid`, `var_name`, `decimalvalue`, `intvalue`, `stringvalue`, `listvalue`, `datevalue`, `pos`) VALUES ('RCONST-2486b0ca:146fff66c3e:-3f19', 'RCOND-2486b0ca:146fff66c3e:-3f91', 'FACTFLD3e2b89cb:146ff734573:-7ea8', 'depreciation', 'DPRATE', NULL, NULL, NULL, NULL, NULL, NULL, NULL, NULL, NULL, NULL, '0');
INSERT INTO `sys_rule_condition_constraint` (`objid`, `parentid`, `field_objid`, `fieldname`, `varname`, `operator_caption`, `operator_symbol`, `usevar`, `var_objid`, `var_name`, `decimalvalue`, `intvalue`, `stringvalue`, `listvalue`, `datevalue`, `pos`) VALUES ('RCONST-2486b0ca:146fff66c3e:-5170', 'RCOND-2486b0ca:146fff66c3e:-5250', 'FACTFLD-2486b0ca:146fff66c3e:-70e6', 'amount', 'AMOUNT', NULL, NULL, NULL, NULL, NULL, NULL, NULL, NULL, NULL, NULL, '1');
INSERT INTO `sys_rule_condition_constraint` (`objid`, `parentid`, `field_objid`, `fieldname`, `varname`, `operator_caption`, `operator_symbol`, `usevar`, `var_objid`, `var_name`, `decimalvalue`, `intvalue`, `stringvalue`, `listvalue`, `datevalue`, `pos`) VALUES ('RCONST-2486b0ca:146fff66c3e:-524f', 'RCOND-2486b0ca:146fff66c3e:-5250', 'FACTFLD-2486b0ca:146fff66c3e:-7104', 'bldgfloor', NULL, 'not null', '!= null', NULL, NULL, NULL, NULL, NULL, NULL, NULL, NULL, '0');
INSERT INTO `sys_rule_condition_constraint` (`objid`, `parentid`, `field_objid`, `fieldname`, `varname`, `operator_caption`, `operator_symbol`, `usevar`, `var_objid`, `var_name`, `decimalvalue`, `intvalue`, `stringvalue`, `listvalue`, `datevalue`, `pos`) VALUES ('RCONST-2486b0ca:146fff66c3e:-5c6d', 'RCOND-2486b0ca:146fff66c3e:-5e75', 'FACTFLD3e2b89cb:146ff734573:-7f14', 'totalmv', 'MV', NULL, NULL, NULL, NULL, NULL, NULL, NULL, NULL, NULL, NULL, '2');
INSERT INTO `sys_rule_condition_constraint` (`objid`, `parentid`, `field_objid`, `fieldname`, `varname`, `operator_caption`, `operator_symbol`, `usevar`, `var_objid`, `var_name`, `decimalvalue`, `intvalue`, `stringvalue`, `listvalue`, `datevalue`, `pos`) VALUES ('RCONST-2486b0ca:146fff66c3e:-5cf5', 'RCOND-2486b0ca:146fff66c3e:-5e75', 'FACTFLD3e2b89cb:146ff734573:-7e82', 'assesslevel', 'AL', NULL, NULL, NULL, NULL, NULL, NULL, NULL, NULL, NULL, NULL, '2');
INSERT INTO `sys_rule_condition_constraint` (`objid`, `parentid`, `field_objid`, `fieldname`, `varname`, `operator_caption`, `operator_symbol`, `usevar`, `var_objid`, `var_name`, `decimalvalue`, `intvalue`, `stringvalue`, `listvalue`, `datevalue`, `pos`) VALUES ('RCONST-2486b0ca:146fff66c3e:-5e01', 'RCOND-2486b0ca:146fff66c3e:-5e75', 'FACTFLD-2486b0ca:146fff66c3e:-5ee6', 'fixrate', NULL, 'is true', '== true', NULL, NULL, NULL, NULL, NULL, NULL, NULL, NULL, '0');
INSERT INTO `sys_rule_condition_constraint` (`objid`, `parentid`, `field_objid`, `fieldname`, `varname`, `operator_caption`, `operator_symbol`, `usevar`, `var_objid`, `var_name`, `decimalvalue`, `intvalue`, `stringvalue`, `listvalue`, `datevalue`, `pos`) VALUES ('RCONST-2486b0ca:146fff66c3e:-64cb', 'RCOND-2486b0ca:146fff66c3e:-658b', 'FACTFLD-2486b0ca:146fff66c3e:-7b11', 'assesslevel', 'AL', NULL, NULL, NULL, NULL, NULL, NULL, NULL, NULL, NULL, NULL, '2');
INSERT INTO `sys_rule_condition_constraint` (`objid`, `parentid`, `field_objid`, `fieldname`, `varname`, `operator_caption`, `operator_symbol`, `usevar`, `var_objid`, `var_name`, `decimalvalue`, `intvalue`, `stringvalue`, `listvalue`, `datevalue`, `pos`) VALUES ('RCONST-2486b0ca:146fff66c3e:-650e', 'RCOND-2486b0ca:146fff66c3e:-658b', 'FACTFLD-2486b0ca:146fff66c3e:-7b1a', 'marketvalue', 'MV', NULL, NULL, NULL, NULL, NULL, NULL, NULL, NULL, NULL, NULL, '1');
INSERT INTO `sys_rule_condition_constraint` (`objid`, `parentid`, `field_objid`, `fieldname`, `varname`, `operator_caption`, `operator_symbol`, `usevar`, `var_objid`, `var_name`, `decimalvalue`, `intvalue`, `stringvalue`, `listvalue`, `datevalue`, `pos`) VALUES ('RCONST-2486b0ca:146fff66c3e:-6a5a', 'RCOND-2486b0ca:146fff66c3e:-6aad', 'FACTFLD-2486b0ca:146fff66c3e:-7a76', 'unitvalue', 'UV', NULL, NULL, NULL, NULL, NULL, NULL, NULL, NULL, NULL, NULL, '1');
INSERT INTO `sys_rule_condition_constraint` (`objid`, `parentid`, `field_objid`, `fieldname`, `varname`, `operator_caption`, `operator_symbol`, `usevar`, `var_objid`, `var_name`, `decimalvalue`, `intvalue`, `stringvalue`, `listvalue`, `datevalue`, `pos`) VALUES ('RCONST-2486b0ca:146fff66c3e:-6a8b', 'RCOND-2486b0ca:146fff66c3e:-6aad', 'FACTFLD-2486b0ca:146fff66c3e:-7a99', 'area', 'AREA', NULL, NULL, NULL, NULL, NULL, NULL, NULL, NULL, NULL, NULL, '0');
INSERT INTO `sys_rule_condition_constraint` (`objid`, `parentid`, `field_objid`, `fieldname`, `varname`, `operator_caption`, `operator_symbol`, `usevar`, `var_objid`, `var_name`, `decimalvalue`, `intvalue`, `stringvalue`, `listvalue`, `datevalue`, `pos`) VALUES ('RCONST-60c99d04:1470b276e7f:-7d64', 'RCOND-60c99d04:1470b276e7f:-7dd3', 'FACTFLD-2486b0ca:146fff66c3e:-7b47', 'basevalue', 'BASEVALUE', NULL, NULL, NULL, NULL, NULL, NULL, NULL, NULL, NULL, NULL, '1');
INSERT INTO `sys_rule_condition_constraint` (`objid`, `parentid`, `field_objid`, `fieldname`, `varname`, `operator_caption`, `operator_symbol`, `usevar`, `var_objid`, `var_name`, `decimalvalue`, `intvalue`, `stringvalue`, `listvalue`, `datevalue`, `pos`) VALUES ('RCONST-60c99d04:1470b276e7f:-7dae', 'RCOND-60c99d04:1470b276e7f:-7dd3', 'FACTFLD-2486b0ca:146fff66c3e:-7b50', 'bldgstructure', NULL, 'equals', '==', NULL, 'RCOND-60c99d04:1470b276e7f:-7e2a', 'BS', NULL, NULL, NULL, NULL, NULL, '0');
INSERT INTO `sys_rule_condition_constraint` (`objid`, `parentid`, `field_objid`, `fieldname`, `varname`, `operator_caption`, `operator_symbol`, `usevar`, `var_objid`, `var_name`, `decimalvalue`, `intvalue`, `stringvalue`, `listvalue`, `datevalue`, `pos`) VALUES ('RCONST-60c99d04:1470b276e7f:-7e0c', 'RCOND-60c99d04:1470b276e7f:-7e2a', 'FACTFLD-2486b0ca:146fff66c3e:-7dd0', 'basefloorarea', 'BASEAREA', NULL, NULL, NULL, NULL, NULL, NULL, NULL, NULL, NULL, NULL, '0');
INSERT INTO `sys_rule_condition_constraint` (`objid`, `parentid`, `field_objid`, `fieldname`, `varname`, `operator_caption`, `operator_symbol`, `usevar`, `var_objid`, `var_name`, `decimalvalue`, `intvalue`, `stringvalue`, `listvalue`, `datevalue`, `pos`) VALUES ('RCONST2d0a03d8:1470a9a2b16:-78d8', 'RCOND2d0a03d8:1470a9a2b16:-7a17', 'FACTFLD-2486b0ca:146fff66c3e:-5751', 'value', 'ADJAMOUNT', NULL, NULL, NULL, NULL, NULL, NULL, NULL, NULL, NULL, NULL, '1');
INSERT INTO `sys_rule_condition_constraint` (`objid`, `parentid`, `field_objid`, `fieldname`, `varname`, `operator_caption`, `operator_symbol`, `usevar`, `var_objid`, `var_name`, `decimalvalue`, `intvalue`, `stringvalue`, `listvalue`, `datevalue`, `pos`) VALUES ('RCONST2d0a03d8:1470a9a2b16:-7a0b', 'RCOND2d0a03d8:1470a9a2b16:-7a17', 'FACTFLD-2486b0ca:146fff66c3e:-5795', 'objid', NULL, 'is any of the ff.', 'matches', NULL, NULL, NULL, NULL, NULL, NULL, '[[key:\"TOTAL_ADDITIONAL_ITEM\",value:\"TOTAL_ADDITIONAL_ITEM\"]]', NULL, '0');
INSERT INTO `sys_rule_condition_constraint` (`objid`, `parentid`, `field_objid`, `fieldname`, `varname`, `operator_caption`, `operator_symbol`, `usevar`, `var_objid`, `var_name`, `decimalvalue`, `intvalue`, `stringvalue`, `listvalue`, `datevalue`, `pos`) VALUES ('RCONST2d0a03d8:1470a9a2b16:-7ac1', 'RCOND2d0a03d8:1470a9a2b16:-7b07', 'FACTFLD-2486b0ca:146fff66c3e:-a3f', 'additionalitemcode', NULL, 'equal to', '==', NULL, NULL, NULL, NULL, NULL, 'HAU', NULL, NULL, '1');
INSERT INTO `sys_rule_condition_constraint` (`objid`, `parentid`, `field_objid`, `fieldname`, `varname`, `operator_caption`, `operator_symbol`, `usevar`, `var_objid`, `var_name`, `decimalvalue`, `intvalue`, `stringvalue`, `listvalue`, `datevalue`, `pos`) VALUES ('RCONST2d0a03d8:1470a9a2b16:-7b06', 'RCOND2d0a03d8:1470a9a2b16:-7b07', 'FACTFLD-2486b0ca:146fff66c3e:-7104', 'bldgfloor', NULL, 'not null', '!= null', NULL, NULL, NULL, NULL, NULL, NULL, NULL, NULL, '0');
INSERT INTO `sys_rule_condition_constraint` (`objid`, `parentid`, `field_objid`, `fieldname`, `varname`, `operator_caption`, `operator_symbol`, `usevar`, `var_objid`, `var_name`, `decimalvalue`, `intvalue`, `stringvalue`, `listvalue`, `datevalue`, `pos`) VALUES ('RCONST2fcf5997:1470aa69d0a:-7f1f', 'RCOND-2486b0ca:146fff66c3e:-5250', 'FACTFLD-2486b0ca:146fff66c3e:-70f0', 'adjtype', NULL, 'is any of the ff.', 'matches', NULL, NULL, NULL, NULL, NULL, NULL, '[\"additionalitem\"]', NULL, '2');



INSERT INTO `sys_rule_action` (`objid`, `parentid`, `actiondef_objid`, `actiondef_name`, `pos`) VALUES ('RACT-103fed47:146ffb40356:-7c51', 'RUL3e2b89cb:146ff734573:-7dcc', 'RULADEF3e2b89cb:146ff734573:-7c47', 'calc-bldg-age', '0');
INSERT INTO `sys_rule_action` (`objid`, `parentid`, `actiondef_objid`, `actiondef_name`, `pos`) VALUES ('RACT-2486b0ca:146fff66c3e:-17ef', 'RUL-2486b0ca:146fff66c3e:-19ed', 'RULADEF-2486b0ca:146fff66c3e:-7943', 'calc-bldguse-al', '0');
INSERT INTO `sys_rule_action` (`objid`, `parentid`, `actiondef_objid`, `actiondef_name`, `pos`) VALUES ('RACT-2486b0ca:146fff66c3e:-2ade', 'RUL-2486b0ca:146fff66c3e:-2c4a', 'RULADEF-2486b0ca:146fff66c3e:-3151', 'calc-bldguse-mv', '0');
INSERT INTO `sys_rule_action` (`objid`, `parentid`, `actiondef_objid`, `actiondef_name`, `pos`) VALUES ('RACT-2486b0ca:146fff66c3e:-37a2', 'RUL-2486b0ca:146fff66c3e:-38e4', 'RULADEF-2486b0ca:146fff66c3e:-79a8', 'calc-floor-mv', '0');
INSERT INTO `sys_rule_action` (`objid`, `parentid`, `actiondef_objid`, `actiondef_name`, `pos`) VALUES ('RACT-2486b0ca:146fff66c3e:-3d32', 'RUL-2486b0ca:146fff66c3e:-4192', 'RULADEF-2486b0ca:146fff66c3e:-4365', 'calc-bldguse-depreciation', '0');
INSERT INTO `sys_rule_action` (`objid`, `parentid`, `actiondef_objid`, `actiondef_name`, `pos`) VALUES ('RACT-2486b0ca:146fff66c3e:-4415', 'RUL-2486b0ca:146fff66c3e:-4697', 'RULADEF-2486b0ca:146fff66c3e:-4807', 'calc-depreciation-sked', '0');
INSERT INTO `sys_rule_action` (`objid`, `parentid`, `actiondef_objid`, `actiondef_name`, `pos`) VALUES ('RACT-2486b0ca:146fff66c3e:-4a4e', 'RUL-2486b0ca:146fff66c3e:-52af', 'RULADEF-2486b0ca:146fff66c3e:-5573', 'add-derive-var', '0');
INSERT INTO `sys_rule_action` (`objid`, `parentid`, `actiondef_objid`, `actiondef_name`, `pos`) VALUES ('RACT-2486b0ca:146fff66c3e:-5c0b', 'RUL-2486b0ca:146fff66c3e:-622c', 'RULADEF-2486b0ca:146fff66c3e:-619b', 'calc-predominant-av', '0');
INSERT INTO `sys_rule_action` (`objid`, `parentid`, `actiondef_objid`, `actiondef_name`, `pos`) VALUES ('RACT-2486b0ca:146fff66c3e:-6479', 'RUL-2486b0ca:146fff66c3e:-6624', 'RULADEF-2486b0ca:146fff66c3e:-771d', 'calc-bldguse-av', '0');
INSERT INTO `sys_rule_action` (`objid`, `parentid`, `actiondef_objid`, `actiondef_name`, `pos`) VALUES ('RACT-2486b0ca:146fff66c3e:-6a12', 'RUL-2486b0ca:146fff66c3e:-6b05', 'RULADEF-2486b0ca:146fff66c3e:-7a02', 'calc-floor-bmv', '0');
INSERT INTO `sys_rule_action` (`objid`, `parentid`, `actiondef_objid`, `actiondef_name`, `pos`) VALUES ('RACT-60c99d04:1470b276e7f:-7a52', 'RUL-60c99d04:1470b276e7f:-7ecc', 'RULADEF-60c99d04:1470b276e7f:-7c52', 'calc-bldguse-bmv', '0');
INSERT INTO `sys_rule_action` (`objid`, `parentid`, `actiondef_objid`, `actiondef_name`, `pos`) VALUES ('RACT2d0a03d8:1470a9a2b16:-7863', 'RUL2d0a03d8:1470a9a2b16:-7b9c', 'RULADEF-2486b0ca:146fff66c3e:-723b', 'update-adj', '0');


INSERT INTO `sys_rule_action_param` (`objid`, `parentid`, `actiondefparam_objid`, `stringvalue`, `booleanvalue`, `var_objid`, `var_name`, `expr`, `exprtype`, `pos`, `obj_key`, `obj_value`, `listvalue`, `lov`) VALUES ('RULACT-103fed47:146ffb40356:-7c4f', 'RACT-103fed47:146ffb40356:-7c51', 'ACTPARAM3e2b89cb:146ff734573:-7c34', NULL, NULL, NULL, NULL, 'YRAPPRAISED - YRCOMPLETED', 'expression', NULL, NULL, NULL, NULL, NULL);
INSERT INTO `sys_rule_action_param` (`objid`, `parentid`, `actiondefparam_objid`, `stringvalue`, `booleanvalue`, `var_objid`, `var_name`, `expr`, `exprtype`, `pos`, `obj_key`, `obj_value`, `listvalue`, `lov`) VALUES ('RULACT-103fed47:146ffb40356:-7c50', 'RACT-103fed47:146ffb40356:-7c51', 'ACTPARAM3e2b89cb:146ff734573:-7c3c', NULL, NULL, 'RCOND-103fed47:146ffb40356:-7d40', 'RPU', NULL, NULL, NULL, NULL, NULL, NULL, NULL);
INSERT INTO `sys_rule_action_param` (`objid`, `parentid`, `actiondefparam_objid`, `stringvalue`, `booleanvalue`, `var_objid`, `var_name`, `expr`, `exprtype`, `pos`, `obj_key`, `obj_value`, `listvalue`, `lov`) VALUES ('RULACT-2486b0ca:146fff66c3e:-17ee', 'RACT-2486b0ca:146fff66c3e:-17ef', 'ACTPARAM-2486b0ca:146fff66c3e:-7934', NULL, NULL, 'RCOND-2486b0ca:146fff66c3e:-198c', 'BU', NULL, NULL, NULL, NULL, NULL, NULL, NULL);
INSERT INTO `sys_rule_action_param` (`objid`, `parentid`, `actiondefparam_objid`, `stringvalue`, `booleanvalue`, `var_objid`, `var_name`, `expr`, `exprtype`, `pos`, `obj_key`, `obj_value`, `listvalue`, `lov`) VALUES ('RULACT-2486b0ca:146fff66c3e:-2adc', 'RACT-2486b0ca:146fff66c3e:-2ade', 'ACTPARAM-2486b0ca:146fff66c3e:-30fe', NULL, NULL, NULL, NULL, '@ROUND( BMV + ADJ - DEP  )', 'expression', NULL, NULL, NULL, NULL, NULL);
INSERT INTO `sys_rule_action_param` (`objid`, `parentid`, `actiondefparam_objid`, `stringvalue`, `booleanvalue`, `var_objid`, `var_name`, `expr`, `exprtype`, `pos`, `obj_key`, `obj_value`, `listvalue`, `lov`) VALUES ('RULACT-2486b0ca:146fff66c3e:-2add', 'RACT-2486b0ca:146fff66c3e:-2ade', 'ACTPARAM-2486b0ca:146fff66c3e:-3105', NULL, NULL, 'RCOND-2486b0ca:146fff66c3e:-2bf1', 'BU', NULL, NULL, NULL, NULL, NULL, NULL, NULL);
INSERT INTO `sys_rule_action_param` (`objid`, `parentid`, `actiondefparam_objid`, `stringvalue`, `booleanvalue`, `var_objid`, `var_name`, `expr`, `exprtype`, `pos`, `obj_key`, `obj_value`, `listvalue`, `lov`) VALUES ('RULACT-2486b0ca:146fff66c3e:-37a0', 'RACT-2486b0ca:146fff66c3e:-37a2', 'ACTPARAM-2486b0ca:146fff66c3e:-7994', NULL, NULL, NULL, NULL, '@ROUND( BMV + ADJ )', 'expression', NULL, NULL, NULL, NULL, NULL);
INSERT INTO `sys_rule_action_param` (`objid`, `parentid`, `actiondefparam_objid`, `stringvalue`, `booleanvalue`, `var_objid`, `var_name`, `expr`, `exprtype`, `pos`, `obj_key`, `obj_value`, `listvalue`, `lov`) VALUES ('RULACT-2486b0ca:146fff66c3e:-37a1', 'RACT-2486b0ca:146fff66c3e:-37a2', 'ACTPARAM-2486b0ca:146fff66c3e:-799f', NULL, NULL, 'RCOND-2486b0ca:146fff66c3e:-3888', 'BF', NULL, NULL, NULL, NULL, NULL, NULL, NULL);
INSERT INTO `sys_rule_action_param` (`objid`, `parentid`, `actiondefparam_objid`, `stringvalue`, `booleanvalue`, `var_objid`, `var_name`, `expr`, `exprtype`, `pos`, `obj_key`, `obj_value`, `listvalue`, `lov`) VALUES ('RULACT-2486b0ca:146fff66c3e:-3d30', 'RACT-2486b0ca:146fff66c3e:-3d32', 'ACTPARAM-2486b0ca:146fff66c3e:-4090', NULL, NULL, NULL, NULL, '@ROUND( ( BMV + ADJ )  * DPRATE   / 100.0  )', 'expression', NULL, NULL, NULL, NULL, NULL);
INSERT INTO `sys_rule_action_param` (`objid`, `parentid`, `actiondefparam_objid`, `stringvalue`, `booleanvalue`, `var_objid`, `var_name`, `expr`, `exprtype`, `pos`, `obj_key`, `obj_value`, `listvalue`, `lov`) VALUES ('RULACT-2486b0ca:146fff66c3e:-3d31', 'RACT-2486b0ca:146fff66c3e:-3d32', 'ACTPARAM-2486b0ca:146fff66c3e:-4351', NULL, NULL, 'RCOND-2486b0ca:146fff66c3e:-3ed1', 'BU', NULL, NULL, NULL, NULL, NULL, NULL, NULL);
INSERT INTO `sys_rule_action_param` (`objid`, `parentid`, `actiondefparam_objid`, `stringvalue`, `booleanvalue`, `var_objid`, `var_name`, `expr`, `exprtype`, `pos`, `obj_key`, `obj_value`, `listvalue`, `lov`) VALUES ('RULACT-2486b0ca:146fff66c3e:-4414', 'RACT-2486b0ca:146fff66c3e:-4415', 'ACTPARAM-2486b0ca:146fff66c3e:-45b0', NULL, NULL, 'RCOND-2486b0ca:146fff66c3e:-445d', 'BS', NULL, NULL, NULL, NULL, NULL, NULL, NULL);
INSERT INTO `sys_rule_action_param` (`objid`, `parentid`, `actiondefparam_objid`, `stringvalue`, `booleanvalue`, `var_objid`, `var_name`, `expr`, `exprtype`, `pos`, `obj_key`, `obj_value`, `listvalue`, `lov`) VALUES ('RULACT-2486b0ca:146fff66c3e:-4a4b', 'RACT-2486b0ca:146fff66c3e:-4a4e', 'ACTPARAM-2486b0ca:146fff66c3e:-552b', NULL, NULL, NULL, NULL, 'AMOUNT', 'expression', NULL, NULL, NULL, NULL, NULL);
INSERT INTO `sys_rule_action_param` (`objid`, `parentid`, `actiondefparam_objid`, `stringvalue`, `booleanvalue`, `var_objid`, `var_name`, `expr`, `exprtype`, `pos`, `obj_key`, `obj_value`, `listvalue`, `lov`) VALUES ('RULACT-2486b0ca:146fff66c3e:-4a4c', 'RACT-2486b0ca:146fff66c3e:-4a4e', 'ACTPARAM-2486b0ca:146fff66c3e:-5512', NULL, NULL, NULL, NULL, NULL, NULL, NULL, NULL, NULL, NULL, 'sum');
INSERT INTO `sys_rule_action_param` (`objid`, `parentid`, `actiondefparam_objid`, `stringvalue`, `booleanvalue`, `var_objid`, `var_name`, `expr`, `exprtype`, `pos`, `obj_key`, `obj_value`, `listvalue`, `lov`) VALUES ('RULACT-2486b0ca:146fff66c3e:-4a4d', 'RACT-2486b0ca:146fff66c3e:-4a4e', 'ACTPARAM-2486b0ca:146fff66c3e:-554a', NULL, NULL, NULL, NULL, NULL, NULL, NULL, 'TOTAL_ADDITIONAL_ITEM', 'TOTAL_ADDITIONAL_ITEM', NULL, NULL);
INSERT INTO `sys_rule_action_param` (`objid`, `parentid`, `actiondefparam_objid`, `stringvalue`, `booleanvalue`, `var_objid`, `var_name`, `expr`, `exprtype`, `pos`, `obj_key`, `obj_value`, `listvalue`, `lov`) VALUES ('RULACT-2486b0ca:146fff66c3e:-5c09', 'RACT-2486b0ca:146fff66c3e:-5c0b', 'ACTPARAM-2486b0ca:146fff66c3e:-6174', NULL, NULL, NULL, NULL, '@ROUNDTOTEN( MV * AL / 100.0  )', 'expression', NULL, NULL, NULL, NULL, NULL);
INSERT INTO `sys_rule_action_param` (`objid`, `parentid`, `actiondefparam_objid`, `stringvalue`, `booleanvalue`, `var_objid`, `var_name`, `expr`, `exprtype`, `pos`, `obj_key`, `obj_value`, `listvalue`, `lov`) VALUES ('RULACT-2486b0ca:146fff66c3e:-5c0a', 'RACT-2486b0ca:146fff66c3e:-5c0b', 'ACTPARAM-2486b0ca:146fff66c3e:-618b', NULL, NULL, 'RCOND-2486b0ca:146fff66c3e:-5e75', 'RPU', NULL, NULL, NULL, NULL, NULL, NULL, NULL);
INSERT INTO `sys_rule_action_param` (`objid`, `parentid`, `actiondefparam_objid`, `stringvalue`, `booleanvalue`, `var_objid`, `var_name`, `expr`, `exprtype`, `pos`, `obj_key`, `obj_value`, `listvalue`, `lov`) VALUES ('RULACT-2486b0ca:146fff66c3e:-6477', 'RACT-2486b0ca:146fff66c3e:-6479', 'ACTPARAM-2486b0ca:146fff66c3e:-7706', NULL, NULL, NULL, NULL, '@ROUNDTOTEN( MV * AL  / 100.0 )', 'expression', NULL, NULL, NULL, NULL, NULL);
INSERT INTO `sys_rule_action_param` (`objid`, `parentid`, `actiondefparam_objid`, `stringvalue`, `booleanvalue`, `var_objid`, `var_name`, `expr`, `exprtype`, `pos`, `obj_key`, `obj_value`, `listvalue`, `lov`) VALUES ('RULACT-2486b0ca:146fff66c3e:-6478', 'RACT-2486b0ca:146fff66c3e:-6479', 'ACTPARAM-2486b0ca:146fff66c3e:-770d', NULL, NULL, 'RCOND-2486b0ca:146fff66c3e:-658b', 'BU', NULL, NULL, NULL, NULL, NULL, NULL, NULL);
INSERT INTO `sys_rule_action_param` (`objid`, `parentid`, `actiondefparam_objid`, `stringvalue`, `booleanvalue`, `var_objid`, `var_name`, `expr`, `exprtype`, `pos`, `obj_key`, `obj_value`, `listvalue`, `lov`) VALUES ('RULACT-2486b0ca:146fff66c3e:-6a10', 'RACT-2486b0ca:146fff66c3e:-6a12', 'ACTPARAM-2486b0ca:146fff66c3e:-79dc', NULL, NULL, NULL, NULL, 'AREA * UV', 'expression', NULL, NULL, NULL, NULL, NULL);
INSERT INTO `sys_rule_action_param` (`objid`, `parentid`, `actiondefparam_objid`, `stringvalue`, `booleanvalue`, `var_objid`, `var_name`, `expr`, `exprtype`, `pos`, `obj_key`, `obj_value`, `listvalue`, `lov`) VALUES ('RULACT-2486b0ca:146fff66c3e:-6a11', 'RACT-2486b0ca:146fff66c3e:-6a12', 'ACTPARAM-2486b0ca:146fff66c3e:-79e3', NULL, NULL, 'RCOND-2486b0ca:146fff66c3e:-6aad', 'BF', NULL, NULL, NULL, NULL, NULL, NULL, NULL);
INSERT INTO `sys_rule_action_param` (`objid`, `parentid`, `actiondefparam_objid`, `stringvalue`, `booleanvalue`, `var_objid`, `var_name`, `expr`, `exprtype`, `pos`, `obj_key`, `obj_value`, `listvalue`, `lov`) VALUES ('RULACT-60c99d04:1470b276e7f:-7a50', 'RACT-60c99d04:1470b276e7f:-7a52', 'ACTPARAM-60c99d04:1470b276e7f:-7c0e', NULL, NULL, NULL, NULL, '@ROUND( BASEAREA * BASEVALUE  )', 'expression', NULL, NULL, NULL, NULL, NULL);
INSERT INTO `sys_rule_action_param` (`objid`, `parentid`, `actiondefparam_objid`, `stringvalue`, `booleanvalue`, `var_objid`, `var_name`, `expr`, `exprtype`, `pos`, `obj_key`, `obj_value`, `listvalue`, `lov`) VALUES ('RULACT-60c99d04:1470b276e7f:-7a51', 'RACT-60c99d04:1470b276e7f:-7a52', 'ACTPARAM-60c99d04:1470b276e7f:-7c15', NULL, NULL, 'RCOND-60c99d04:1470b276e7f:-7dd3', 'BU', NULL, NULL, NULL, NULL, NULL, NULL, NULL);
INSERT INTO `sys_rule_action_param` (`objid`, `parentid`, `actiondefparam_objid`, `stringvalue`, `booleanvalue`, `var_objid`, `var_name`, `expr`, `exprtype`, `pos`, `obj_key`, `obj_value`, `listvalue`, `lov`) VALUES ('RULACT2d0a03d8:1470a9a2b16:-7861', 'RACT2d0a03d8:1470a9a2b16:-7863', 'ACTPARAM-2486b0ca:146fff66c3e:-7204', NULL, NULL, NULL, NULL, 'ADJAMOUNT  * 0.10', 'expression', NULL, NULL, NULL, NULL, NULL);
INSERT INTO `sys_rule_action_param` (`objid`, `parentid`, `actiondefparam_objid`, `stringvalue`, `booleanvalue`, `var_objid`, `var_name`, `expr`, `exprtype`, `pos`, `obj_key`, `obj_value`, `listvalue`, `lov`) VALUES ('RULACT2d0a03d8:1470a9a2b16:-7862', 'RACT2d0a03d8:1470a9a2b16:-7863', 'ACTPARAM-2486b0ca:146fff66c3e:-7224', NULL, NULL, 'RCOND2d0a03d8:1470a9a2b16:-7b07', 'ADJ', NULL, NULL, NULL, NULL, NULL, NULL, NULL);



INSERT INTO `sys_rule_deployed` (`objid`, `ruletext`) VALUES ('RUL-38de162c:1460374650a:-7907', '\npackage bpassessment.BT_ESSENTIAL_ADJUSTMENT;\nimport bpassessment.*;\nimport java.util.*;\nimport com.rameses.rules.common.*;\n\nglobal RuleAction action;\n\nrule \"BT_ESSENTIAL_ADJUSTMENT\"\n	agenda-group \"postbusinesstax\"\n	salience 50000\n	no-loop\n	when\n		\n		\n		LOB: bpls.facts.LOB (  attributes matches \"-.*ESSENTIAL.*-\" )\n		\n		BT: bpls.facts.TaxFeeAccount (  type == \"TAX\",lob == LOB,AMTDUE:amount )\n		\n	then\n		Map bindings = new HashMap();\n		\n		bindings.put(\"LOB\", LOB );\n		\n		bindings.put(\"BT\", BT );\n		\n		bindings.put(\"AMTDUE\", AMTDUE );\n		\n	Map _p0 = new HashMap();\r\n_p0.put( \"taxfee\", BT );\r\n_p0.put( \"amount\", (new ActionExpression(\"AMTDUE  /  2.0\", bindings)) );\r\naction.execute( \"update_taxfee\",_p0,drools);\r\n\nend\n\n\n	');
INSERT INTO `sys_rule_deployed` (`objid`, `ruletext`) VALUES ('RUL-38de162c:1460374650a:-7c0c', '\npackage bpassessment.BT_MANUFACTURER_ETC;\nimport bpassessment.*;\nimport java.util.*;\nimport com.rameses.rules.common.*;\n\nglobal RuleAction action;\n\nrule \"BT_MANUFACTURER_ETC\"\n	agenda-group \"businesstax\"\n	salience 50000\n	no-loop\n	when\n		\n		\n		LOB: bpls.facts.LOB (  assessmenttype matches \"RENEW|RETIRE\",classification matches \"MANUFACTURER|BREWER\" )\n		\n		 bpls.facts.BusinessInfo (  name==\"GROSS\" ,lob == LOB,GROSS:decimalvalue )\n		\n	then\n		Map bindings = new HashMap();\n		\n		bindings.put(\"LOB\", LOB );\n		\n		bindings.put(\"GROSS\", GROSS );\n		\n	RangeEntry re0 = new RangeEntry(\"BT_MANUFACTURER_ETC\");\r\nre0.setBindings(bindings);\r\nre0.setDecimalvalue(GROSS);\r\nre0.getParams().put( \"lob\", LOB );\r\nre0.getParams().put( \"account\", new KeyValue(\"BT\", \"BUSINESS TAX\") );\r\nre0.getParams().put( \"amount\", 0.0 );\r\ninsert(re0);\r\n\nend\n\n\n	\nrule \"compute_business_tax_0_0\"\n	agenda-group \"businesstax\"\n	salience 50000\n	no-loop\n	when\n		\n		\n		\n		rv: RangeEntry( id==\"BT_MANUFACTURER_ETC\", decimalvalue < 10000.00 )\n		\n	then\n		Map bindings = rv.getBindings();\n		Map params = rv.getParams();\n		params.put( \"amount\", (new ActionExpression(\"181.5\", bindings)) );	\n		 \n		action.execute( \"compute_businesstax\",params, drools);\nend\n\n\n	\nrule \"compute_business_tax_0_1\"\n	agenda-group \"businesstax\"\n	salience 50000\n	no-loop\n	when\n		\n		rv: RangeEntry( id==\"BT_MANUFACTURER_ETC\", decimalvalue >= 10000.00, decimalvalue < 15000.00 )\n		\n		\n		\n	then\n		Map bindings = rv.getBindings();\n		Map params = rv.getParams();\n		params.put( \"amount\", (new ActionExpression(\"242.0\", bindings)) );	\n		 \n		action.execute( \"compute_businesstax\",params, drools);\nend\n\n\n	\nrule \"compute_business_tax_0_2\"\n	agenda-group \"businesstax\"\n	salience 50000\n	no-loop\n	when\n		\n		rv: RangeEntry( id==\"BT_MANUFACTURER_ETC\", decimalvalue >= 15000.00, decimalvalue < 20000.00 )\n		\n		\n		\n	then\n		Map bindings = rv.getBindings();\n		Map params = rv.getParams();\n		params.put( \"amount\", (new ActionExpression(\"332.20\", bindings)) );	\n		 \n		action.execute( \"compute_businesstax\",params, drools);\nend\n\n\n	');
INSERT INTO `sys_rule_deployed` (`objid`, `ruletext`) VALUES ('RUL-38de162c:1460374650a:-7f44', '\npackage bpassessment.BT_RETAILER_RENEWAL;\nimport bpassessment.*;\nimport java.util.*;\nimport com.rameses.rules.common.*;\n\nglobal RuleAction action;\n\nrule \"BT_RETAILER_RENEWAL\"\n	agenda-group \"businesstax\"\n	salience 50000\n	no-loop\n	when\n		\n		\n		LOB: bpls.facts.LOB (  assessmenttype matches \"RENEW|RETIRE\",classification matches \"RETAILER\" )\n		\n		 bpls.facts.BusinessInfo (  name==\"GROSS\" ,lob == LOB,GROSS:decimalvalue )\n		\n	then\n		Map bindings = new HashMap();\n		\n		bindings.put(\"LOB\", LOB );\n		\n		bindings.put(\"GROSS\", GROSS );\n		\n	RangeEntry re0 = new RangeEntry(\"BT_RETAILER_RENEWAL\");\r\nre0.setBindings(bindings);\r\nre0.setDecimalvalue(GROSS);\r\nre0.getParams().put( \"lob\", LOB );\r\nre0.getParams().put( \"account\", new KeyValue(\"BT\", \"BUSINESS TAX\") );\r\nre0.getParams().put( \"amount\", 0.0 );\r\ninsert(re0);\r\n\nend\n\n\n	\nrule \"compute_business_tax_0_0\"\n	agenda-group \"businesstax\"\n	salience 50000\n	no-loop\n	when\n		\n		\n		\n		rv: RangeEntry( id==\"BT_RETAILER_RENEWAL\", decimalvalue < 400000.00 )\n		\n	then\n		Map bindings = rv.getBindings();\n		Map params = rv.getParams();\n		params.put( \"amount\", (new ActionExpression(\"GROSS  *  0.02\", bindings)) );	\n		 \n		action.execute( \"compute_businesstax\",params, drools);\nend\n\n\n	\nrule \"compute_business_tax_0_1\"\n	agenda-group \"businesstax\"\n	salience 50000\n	no-loop\n	when\n		\n		rv: RangeEntry( id==\"BT_RETAILER_RENEWAL\", decimalvalue >= 400000.00, decimalvalue < 9999999999.00 )\n		\n		\n		\n	then\n		Map bindings = rv.getBindings();\n		Map params = rv.getParams();\n		params.put( \"amount\", (new ActionExpression(\"400000 * 0.02   +  ( GROSS - 400000)  *  0.01\", bindings)) );	\n		 \n		action.execute( \"compute_businesstax\",params, drools);\nend\n\n\n	');
INSERT INTO `sys_rule_deployed` (`objid`, `ruletext`) VALUES ('RUL-39058ff3:1460784d674:-55d7', '\npackage bpassessment.MP_WHOLESALER_RETAILER;\nimport bpassessment.*;\nimport java.util.*;\nimport com.rameses.rules.common.*;\n\nglobal RuleAction action;\n\nrule \"MP_WHOLESALER_RETAILER\"\n	agenda-group \"regfee\"\n	salience 50000\n	no-loop\n	when\n		\n		\n		 bpls.facts.BusinessInfo (  name==\"BUSINESS_CHARACTERISTIC\" ,lob == null,BUSINESS_CHARACTERISTIC:stringvalue )\n		\n		LOB: bpls.facts.LOB (  assessmenttype matches \"NEW|RENEW\" )\n		\n	then\n		Map bindings = new HashMap();\n		\n		bindings.put(\"LOB\", LOB );\n		\n		bindings.put(\"BUSINESS_CHARACTERISTIC\", BUSINESS_CHARACTERISTIC );\n		\n	Map _p0 = new HashMap();\r\n_p0.put( \"lob\", LOB );\r\n_p0.put( \"account\", new KeyValue(\"REVITEM5cd19320:145f2df0745:-7b44\", \"MAYOR\'S PERMIT\") );\r\n_p0.put( \"amount\", (new ActionExpression(\"if ( BUSINESS_CHARACTERISTIC == \'COTTAGE\' ) return 200; if ( BUSINESS_CHARACTERISTIC == \'SMALL\' ) return 400; if ( BUSINESS_CHARACTERISTIC == \'MEDIUM\' ) return 1000; return 2000; \", bindings)) );\r\naction.execute( \"compute_regfee\",_p0,drools);\r\n\nend\n\n\n	');
INSERT INTO `sys_rule_deployed` (`objid`, `ruletext`) VALUES ('RUL-39058ff3:1460784d674:-6409', '\npackage bpassessment.ASK_BUSINESS_CHARACTERISTIC;\nimport bpassessment.*;\nimport java.util.*;\nimport com.rameses.rules.common.*;\n\nglobal RuleAction action;\n\nrule \"ASK_BUSINESS_CHARACTERISTIC\"\n	agenda-group \"appinfo\"\n	salience 50000\n	no-loop\n	when\n		\n		\n		LOB: bpls.facts.LOB (  assessmenttype matches \"NEW|RENEW\" )\n		\n	then\n		Map bindings = new HashMap();\n		\n		bindings.put(\"LOB\", LOB );\n		\n	Map _p0 = new HashMap();\r\n_p0.put( \"lob\", null );\r\n_p0.put( \"attribute\", new KeyValue(\"BUSINESS_CHARACTERISTIC\", \"BUSINESS_CHARACTERISTIC\") );\r\n_p0.put( \"defaultvalue\", \"null\" );\r\naction.execute( \"ask_business_info\",_p0,drools);\r\n\nend\n\n\n	');
INSERT INTO `sys_rule_deployed` (`objid`, `ruletext`) VALUES ('RUL-39058ff3:1460784d674:-69a0', '\npackage bpassessment.WEIGHTS_AND_MEASURES;\nimport bpassessment.*;\nimport java.util.*;\nimport com.rameses.rules.common.*;\n\nglobal RuleAction action;\n\nrule \"WEIGHTS_AND_MEASURES\"\n	agenda-group \"regfee\"\n	salience 50000\n	no-loop\n	when\n		\n		\n		LOB: bpls.facts.LOB (  assessmenttype matches \"RENEW|NEW\" )\n		\n		 bpls.facts.BusinessInfo (  name==\"NUM_WEIGH_SCALE_10KG_BELOW\" ,lob == LOB,NUM_WEIGH_SCALE_10KG_BELOW:intvalue )\n		\n		 bpls.facts.BusinessInfo (  name==\"NUM_WEIGH_SCALE_11_25KG\" ,lob == LOB,NUM_WEIGH_SCALE_11_25KG:intvalue )\n		\n	then\n		Map bindings = new HashMap();\n		\n		bindings.put(\"LOB\", LOB );\n		\n		bindings.put(\"NUM_WEIGH_SCALE_11_25KG\", NUM_WEIGH_SCALE_11_25KG );\n		\n		bindings.put(\"NUM_WEIGH_SCALE_10KG_BELOW\", NUM_WEIGH_SCALE_10KG_BELOW );\n		\n	Map _p0 = new HashMap();\r\n_p0.put( \"lob\", null );\r\n_p0.put( \"account\", new KeyValue(\"WM\", \"WEIGHTS AND MEASURES FEE\") );\r\n_p0.put( \"amount\", (new ActionExpression(\"NUM_WEIGH_SCALE_10KG_BELOW * 25 + NUM_WEIGH_SCALE_11_25KG * 50\", bindings)) );\r\naction.execute( \"compute_regfee\",_p0,drools);\r\n\nend\n\n\n	');
INSERT INTO `sys_rule_deployed` (`objid`, `ruletext`) VALUES ('RUL-39058ff3:1460784d674:-6c46', '\npackage bpassessment.ASK_WEIGHT_AND_MEASURE;\nimport bpassessment.*;\nimport java.util.*;\nimport com.rameses.rules.common.*;\n\nglobal RuleAction action;\n\nrule \"ASK_WEIGHT_AND_MEASURE\"\n	agenda-group \"appinfo\"\n	salience 50000\n	no-loop\n	when\n		\n		\n		LOB: bpls.facts.LOB (  attributes matches \"-.*REQUIRES_WEIGHTS_AND_MEASURES.*-\" )\n		\n	then\n		Map bindings = new HashMap();\n		\n		bindings.put(\"LOB\", LOB );\n		\n	Map _p0 = new HashMap();\r\n_p0.put( \"lob\", LOB );\r\n_p0.put( \"attribute\", new KeyValue(\"NUM_WEIGH_SCALE_11_25KG\", \"NUM_WEIGH_SCALE_11_25KG\") );\r\n_p0.put( \"defaultvalue\", \"0\" );\r\naction.execute( \"ask_business_info\",_p0,drools);\r\nMap _p1 = new HashMap();\r\n_p1.put( \"lob\", LOB );\r\n_p1.put( \"attribute\", new KeyValue(\"NUM_WEIGH_SCALE_10KG_BELOW\", \"NUM_WEIGH_SCALE_10KG_BELOW\") );\r\n_p1.put( \"defaultvalue\", \"0\" );\r\naction.execute( \"ask_business_info\",_p1,drools);\r\n\nend\n\n\n	');
INSERT INTO `sys_rule_deployed` (`objid`, `ruletext`) VALUES ('RUL-3fdd689:145fe61a75c:-726d', '\npackage bpassessment.RF_POLICE_CLEARANCE;\nimport bpassessment.*;\nimport java.util.*;\nimport com.rameses.rules.common.*;\n\nglobal RuleAction action;\n\nrule \"RF_POLICE_CLEARANCE\"\n	agenda-group \"regfee\"\n	salience 50000\n	no-loop\n	when\n		\n		\n		 bpls.facts.BPApplication (  apptype matches \"NEW|RENEW\" )\n		\n	then\n		Map bindings = new HashMap();\n		\n	Map _p0 = new HashMap();\r\n_p0.put( \"lob\", null );\r\n_p0.put( \"account\", new KeyValue(\"PC\", \"POLICE CLEARANCE\") );\r\n_p0.put( \"amount\", (new ActionExpression(\"50.0\", bindings)) );\r\naction.execute( \"compute_regfee\",_p0,drools);\r\n\nend\n\n\n	');
INSERT INTO `sys_rule_deployed` (`objid`, `ruletext`) VALUES ('RUL-3fdd689:145fe61a75c:-7606', '\npackage bpassessment.ASK_GROSS;\nimport bpassessment.*;\nimport java.util.*;\nimport com.rameses.rules.common.*;\n\nglobal RuleAction action;\n\nrule \"ASK_GROSS\"\n	agenda-group \"appinfo\"\n	salience 50000\n	no-loop\n	when\n		\n		\n		LOB: bpls.facts.LOB (  assessmenttype matches \"RENEW|RETIRE\" )\n		\n	then\n		Map bindings = new HashMap();\n		\n		bindings.put(\"LOB\", LOB );\n		\n	Map _p0 = new HashMap();\r\n_p0.put( \"lob\", LOB );\r\n_p0.put( \"attribute\", new KeyValue(\"GROSS\", \"GROSS\") );\r\n_p0.put( \"defaultvalue\", \"0\" );\r\naction.execute( \"ask_business_info\",_p0,drools);\r\n\nend\n\n\n	');
INSERT INTO `sys_rule_deployed` (`objid`, `ruletext`) VALUES ('RUL-3fdd689:145fe61a75c:-7736', '\npackage bpassessment.ASK_CAPITAL;\nimport bpassessment.*;\nimport java.util.*;\nimport com.rameses.rules.common.*;\n\nglobal RuleAction action;\n\nrule \"ASK_CAPITAL\"\n	agenda-group \"appinfo\"\n	salience 50000\n	no-loop\n	when\n		\n		\n		LOB: bpls.facts.LOB (  assessmenttype matches \"NEW\" )\n		\n	then\n		Map bindings = new HashMap();\n		\n		bindings.put(\"LOB\", LOB );\n		\n	Map _p0 = new HashMap();\r\n_p0.put( \"lob\", LOB );\r\n_p0.put( \"attribute\", new KeyValue(\"CAPITAL\", \"CAPITAL\") );\r\n_p0.put( \"defaultvalue\", \"0\" );\r\naction.execute( \"ask_business_info\",_p0,drools);\r\n\nend\n\n\n	');
INSERT INTO `sys_rule_deployed` (`objid`, `ruletext`) VALUES ('RUL6cb69c5c:146025ea676:-7790', '\npackage bpassessment.BT_NEW;\nimport bpassessment.*;\nimport java.util.*;\nimport com.rameses.rules.common.*;\n\nglobal RuleAction action;\n\nrule \"BT_NEW\"\n	agenda-group \"businesstax\"\n	salience 50000\n	no-loop\n	when\n		\n		\n		LOB: bpls.facts.LOB (  assessmenttype matches \"NEW\" )\n		\n		 bpls.facts.BusinessInfo (  name==\"CAPITAL\" ,lob == LOB,CAPITAL:decimalvalue )\n		\n	then\n		Map bindings = new HashMap();\n		\n		bindings.put(\"LOB\", LOB );\n		\n		bindings.put(\"CAPITAL\", CAPITAL );\n		\n	Map _p0 = new HashMap();\r\n_p0.put( \"lob\", LOB );\r\n_p0.put( \"account\", new KeyValue(\"BT\", \"BUSINESS TAX\") );\r\n_p0.put( \"amount\", (new ActionExpression(\"CAPITAL  *  0.75 *  0.01\", bindings)) );\r\naction.execute( \"compute_businesstax\",_p0,drools);\r\n\nend\n\n\n	');
INSERT INTO `sys_rule_deployed` (`objid`, `ruletext`) VALUES ('RUL6cb69c5c:146025ea676:-7fc3', '\npackage bpassessment.RF_HEALTH_FEE;\nimport bpassessment.*;\nimport java.util.*;\nimport com.rameses.rules.common.*;\n\nglobal RuleAction action;\n\nrule \"RF_HEALTH_FEE\"\n	agenda-group \"regfee\"\n	salience 50000\n	no-loop\n	when\n		\n		\n		 bpls.facts.BPApplication (  apptype matches \"NEW|RENEW\" )\n		\n		 bpls.facts.BusinessInfo (  name==\"NUM_EMPLOYEE\" ,lob == null,NUM_EMPLOYEE:intvalue )\n		\n	then\n		Map bindings = new HashMap();\n		\n		bindings.put(\"NUM_EMPLOYEE\", NUM_EMPLOYEE );\n		\n	Map _p0 = new HashMap();\r\n_p0.put( \"lob\", null );\r\n_p0.put( \"account\", new KeyValue(\"HF\", \"HEALTH FEE\") );\r\n_p0.put( \"amount\", (new ActionExpression(\"50.0  *  NUM_EMPLOYEE\", bindings)) );\r\naction.execute( \"compute_regfee\",_p0,drools);\r\n\nend\n\n\n	');



